mean_fit_time,std_fit_time,mean_score_time,std_score_time,param_model__C,param_model__solver,params,split0_test_score,split1_test_score,split2_test_score,split3_test_score,split4_test_score,mean_test_score,std_test_score,rank_test_score,split0_train_score,split1_train_score,split2_train_score,split3_train_score,split4_train_score,mean_train_score,std_train_score,Model,param_model__criterion,param_model__max_depth,param_model__min_samples_leaf,param_model__min_samples_split,param_model__max_features,param_model__n_estimators
0.004425477981567383,0.00026327575604428023,0.0010924339294433594,4.723600972237156e-05,0.1,lbfgs,"{'model__C': 0.1, 'model__solver': 'lbfgs'}",0.7151051787421733,0.7345370284692021,0.7406457976335719,0.6744889024192426,0.7580693050267299,0.724569242458184,0.02855757530604421,1,0.737013039903789,0.7257350805695704,0.7239491361878873,0.7335957560936293,0.7195747065739729,0.7279735438657697,0.0064041986523961985,Logistic Regression,,,,,,
0.0024251461029052733,0.0001099387752244423,0.0,0.0,0.1,liblinear,"{'model__C': 0.1, 'model__solver': 'liblinear'}",,,,,,,,5,,,,,,,,Logistic Regression,,,,,,
0.004138374328613281,0.00012267089785305513,0.0010632991790771485,5.2970448950515174e-05,1.0,lbfgs,"{'model__C': 1.0, 'model__solver': 'lbfgs'}",0.7076381820425034,0.7263887603713642,0.7474021336445315,0.6768186602028475,0.761402638360063,0.7239300749242619,0.02981974800654596,2,0.7305823123330786,0.722933281713909,0.7264770155005366,0.7362631046097351,0.7212278068853163,0.7274967042085151,0.0054320238782086935,Logistic Regression,,,,,,
0.002317667007446289,5.707563510649947e-05,0.0,0.0,1.0,liblinear,"{'model__C': 1.0, 'model__solver': 'liblinear'}",,,,,,,,5,,,,,,,,Logistic Regression,,,,,,
0.004312753677368164,0.00013228188146216695,0.0011039257049560546,7.95975914282127e-05,10.0,lbfgs,"{'model__C': 10.0, 'model__solver': 'lbfgs'}",0.7076381820425034,0.7263887603713642,0.7474021336445315,0.6768186602028475,0.761402638360063,0.7239300749242619,0.02981974800654596,2,0.7287231907296245,0.7221061518545212,0.7256963753756341,0.7344472677974622,0.7212278068853163,0.7264401585285116,0.004813137682577783,Logistic Regression,,,,,,
0.0023655414581298826,5.4822256535924784e-05,0.0,0.0,10.0,liblinear,"{'model__C': 10.0, 'model__solver': 'liblinear'}",,,,,,,,5,,,,,,,,Logistic Regression,,,,,,
0.004266595840454102,0.0002676432471550487,0.0010196208953857423,1.187180889587774e-05,50.0,lbfgs,"{'model__C': 50.0, 'model__solver': 'lbfgs'}",0.7076381820425034,0.7263887603713642,0.7474021336445315,0.6768186602028475,0.761402638360063,0.7239300749242619,0.02981974800654596,2,0.7287231907296245,0.7221061518545212,0.7249157352507316,0.7344472677974622,0.7212278068853163,0.7262840305035312,0.004847272323846946,Logistic Regression,,,,,,
0.002370738983154297,9.234584067184142e-05,0.0,0.0,50.0,liblinear,"{'model__C': 50.0, 'model__solver': 'liblinear'}",,,,,,,,5,,,,,,,,Logistic Regression,,,,,,
0.0033802032470703126,8.353400411109816e-05,0.0009895801544189454,4.259909560228904e-05,,,"{'model__criterion': 'gini', 'model__max_depth': 2, 'model__min_samples_leaf': 1, 'model__min_samples_split': 2}",0.5355699238148114,0.5639550754140834,0.5675779667414681,0.5600098095064573,0.6428795046344372,0.5739984560222515,0.036219125758421,82,0.6015299888644822,0.6255436789763292,0.5988196576452158,0.5963258455383625,0.6156881741012873,0.6075814690251354,0.011211052264533727,Decision Tree,gini,2,1.0,2.0,,
0.003308391571044922,6.676309423329914e-05,0.0009829998016357422,3.948286534949488e-05,,,"{'model__criterion': 'gini', 'model__max_depth': 2, 'model__min_samples_leaf': 1, 'model__min_samples_split': 5}",0.5355699238148114,0.5639550754140834,0.5675779667414681,0.5600098095064573,0.6428795046344372,0.5739984560222515,0.036219125758421,82,0.6015299888644822,0.6255436789763292,0.5988196576452158,0.5963258455383625,0.6156881741012873,0.6075814690251354,0.011211052264533727,Decision Tree,gini,2,1.0,5.0,,
0.0033123970031738283,4.110529910526402e-05,0.0009974002838134765,4.007946088324882e-05,,,"{'model__criterion': 'gini', 'model__max_depth': 2, 'model__min_samples_leaf': 1, 'model__min_samples_split': 10}",0.5355699238148114,0.5639550754140834,0.5675779667414681,0.5600098095064573,0.6428795046344372,0.5739984560222515,0.036219125758421,82,0.6015299888644822,0.6255436789763292,0.5988196576452158,0.5963258455383625,0.6156881741012873,0.6075814690251354,0.011211052264533727,Decision Tree,gini,2,1.0,10.0,,
0.0033008575439453123,3.869303633605121e-05,0.0009725570678710937,3.51136097176791e-05,,,"{'model__criterion': 'gini', 'model__max_depth': 2, 'model__min_samples_leaf': 2, 'model__min_samples_split': 2}",0.5355699238148114,0.5639550754140834,0.5675779667414681,0.5600098095064573,0.6428795046344372,0.5739984560222515,0.036219125758421,82,0.6015299888644822,0.6255436789763292,0.5988196576452158,0.5963258455383625,0.6156881741012873,0.6075814690251354,0.011211052264533727,Decision Tree,gini,2,2.0,2.0,,
0.0032924652099609376,3.631314549561917e-05,0.0009699344635009765,2.0864772559283503e-05,,,"{'model__criterion': 'gini', 'model__max_depth': 2, 'model__min_samples_leaf': 2, 'model__min_samples_split': 5}",0.5355699238148114,0.5639550754140834,0.5675779667414681,0.5600098095064573,0.6428795046344372,0.5739984560222515,0.036219125758421,82,0.6015299888644822,0.6255436789763292,0.5988196576452158,0.5963258455383625,0.6156881741012873,0.6075814690251354,0.011211052264533727,Decision Tree,gini,2,2.0,5.0,,
0.003263998031616211,2.2676301769951093e-05,0.0009724617004394532,3.3726716132568775e-05,,,"{'model__criterion': 'gini', 'model__max_depth': 2, 'model__min_samples_leaf': 2, 'model__min_samples_split': 10}",0.5355699238148114,0.5639550754140834,0.5675779667414681,0.5600098095064573,0.6428795046344372,0.5739984560222515,0.036219125758421,82,0.6015299888644822,0.6255436789763292,0.5988196576452158,0.5963258455383625,0.6156881741012873,0.6075814690251354,0.011211052264533727,Decision Tree,gini,2,2.0,10.0,,
0.003428745269775391,0.00022960362271599237,0.0009843826293945313,4.248948196867408e-05,,,"{'model__criterion': 'gini', 'model__max_depth': 2, 'model__min_samples_leaf': 4, 'model__min_samples_split': 2}",0.5355699238148114,0.5639550754140834,0.5675779667414681,0.5600098095064573,0.6428795046344372,0.5739984560222515,0.036219125758421,82,0.6015299888644822,0.6255436789763292,0.5988196576452158,0.5963258455383625,0.6156881741012873,0.6075814690251354,0.011211052264533727,Decision Tree,gini,2,4.0,2.0,,
0.003327608108520508,2.6089137537283886e-05,0.000977945327758789,4.1518909883959346e-05,,,"{'model__criterion': 'gini', 'model__max_depth': 2, 'model__min_samples_leaf': 4, 'model__min_samples_split': 5}",0.5355699238148114,0.5639550754140834,0.5675779667414681,0.5600098095064573,0.6428795046344372,0.5739984560222515,0.036219125758421,82,0.6015299888644822,0.6255436789763292,0.5988196576452158,0.5963258455383625,0.6156881741012873,0.6075814690251354,0.011211052264533727,Decision Tree,gini,2,4.0,5.0,,
0.0032604217529296877,1.965841788472142e-05,0.000965738296508789,2.24248358529283e-05,,,"{'model__criterion': 'gini', 'model__max_depth': 2, 'model__min_samples_leaf': 4, 'model__min_samples_split': 10}",0.5355699238148114,0.5639550754140834,0.5675779667414681,0.5600098095064573,0.6428795046344372,0.5739984560222515,0.036219125758421,82,0.6015299888644822,0.6255436789763292,0.5988196576452158,0.5963258455383625,0.6156881741012873,0.6075814690251354,0.011211052264533727,Decision Tree,gini,2,4.0,10.0,,
0.003572225570678711,8.886215792920826e-05,0.0009624004364013672,2.0413754613136164e-05,,,"{'model__criterion': 'gini', 'model__max_depth': 3, 'model__min_samples_leaf': 1, 'model__min_samples_split': 2}",0.5587956108694981,0.5847598778569446,0.6012266495692197,0.6404462249159927,0.6589288873504865,0.6088314501124283,0.036469455698155344,58,0.6312018163554828,0.6494786162844447,0.6632531663341218,0.6600922433815083,0.6342960907935776,0.6476643866298271,0.013042090775272514,Decision Tree,gini,3,1.0,2.0,,
0.003614044189453125,8.77002707344946e-05,0.0009950160980224609,4.448985234734939e-05,,,"{'model__criterion': 'gini', 'model__max_depth': 3, 'model__min_samples_leaf': 1, 'model__min_samples_split': 5}",0.5587956108694981,0.5847598778569446,0.6012266495692197,0.6404462249159927,0.6589288873504865,0.6088314501124283,0.036469455698155344,58,0.6312018163554828,0.6494786162844447,0.6632531663341218,0.6600922433815083,0.6342960907935776,0.6476643866298271,0.013042090775272514,Decision Tree,gini,3,1.0,5.0,,
0.009854459762573242,0.011526410714972148,0.0017890453338623047,0.0009472140175701537,,,"{'model__criterion': 'gini', 'model__max_depth': 3, 'model__min_samples_leaf': 1, 'model__min_samples_split': 10}",0.5587956108694981,0.5847598778569446,0.6012266495692197,0.6404462249159927,0.6589288873504865,0.6088314501124283,0.036469455698155344,58,0.6312018163554828,0.6494786162844447,0.6632531663341218,0.6600922433815083,0.6342960907935776,0.6476643866298271,0.013042090775272514,Decision Tree,gini,3,1.0,10.0,,
0.0036822795867919923,0.00016103897107558066,0.0009831428527832032,2.2933636673852374e-05,,,"{'model__criterion': 'gini', 'model__max_depth': 3, 'model__min_samples_leaf': 2, 'model__min_samples_split': 2}",0.5587956108694981,0.5847598778569446,0.6012266495692197,0.6404462249159927,0.6589288873504865,0.6088314501124283,0.036469455698155344,58,0.6312018163554828,0.6494786162844447,0.6632531663341218,0.6600922433815083,0.6342960907935776,0.6476643866298271,0.013042090775272514,Decision Tree,gini,3,2.0,2.0,,
0.0038103580474853514,0.0003099410497069907,0.0011068820953369141,0.00017083063707196594,,,"{'model__criterion': 'gini', 'model__max_depth': 3, 'model__min_samples_leaf': 2, 'model__min_samples_split': 5}",0.5587956108694981,0.5847598778569446,0.6012266495692197,0.6404462249159927,0.6589288873504865,0.6088314501124283,0.036469455698155344,58,0.6312018163554828,0.6494786162844447,0.6632531663341218,0.6600922433815083,0.6342960907935776,0.6476643866298271,0.013042090775272514,Decision Tree,gini,3,2.0,5.0,,
0.003941392898559571,0.000582967322286516,0.0010239601135253907,5.209571980887662e-05,,,"{'model__criterion': 'gini', 'model__max_depth': 3, 'model__min_samples_leaf': 2, 'model__min_samples_split': 10}",0.5587956108694981,0.5847598778569446,0.6012266495692197,0.6404462249159927,0.6589288873504865,0.6088314501124283,0.036469455698155344,58,0.6312018163554828,0.6494786162844447,0.6632531663341218,0.6600922433815083,0.6342960907935776,0.6476643866298271,0.013042090775272514,Decision Tree,gini,3,2.0,10.0,,
0.003704214096069336,0.00022042349385008935,0.0009780406951904296,3.7633721340247046e-05,,,"{'model__criterion': 'gini', 'model__max_depth': 3, 'model__min_samples_leaf': 4, 'model__min_samples_split': 2}",0.5587956108694981,0.5847598778569446,0.6012266495692197,0.6404462249159927,0.6589288873504865,0.6088314501124283,0.036469455698155344,58,0.6312018163554828,0.6494786162844447,0.6632531663341218,0.6600922433815083,0.6342960907935776,0.6476643866298271,0.013042090775272514,Decision Tree,gini,3,4.0,2.0,,
0.0035773277282714843,2.6945983006997525e-05,0.0010075092315673829,4.4328522114576725e-05,,,"{'model__criterion': 'gini', 'model__max_depth': 3, 'model__min_samples_leaf': 4, 'model__min_samples_split': 5}",0.5587956108694981,0.5847598778569446,0.6012266495692197,0.6404462249159927,0.6589288873504865,0.6088314501124283,0.036469455698155344,58,0.6312018163554828,0.6494786162844447,0.6632531663341218,0.6600922433815083,0.6342960907935776,0.6476643866298271,0.013042090775272514,Decision Tree,gini,3,4.0,5.0,,
0.003654670715332031,6.507532808478285e-05,0.001081705093383789,8.940207150089236e-05,,,"{'model__criterion': 'gini', 'model__max_depth': 3, 'model__min_samples_leaf': 4, 'model__min_samples_split': 10}",0.5587956108694981,0.5847598778569446,0.6012266495692197,0.6404462249159927,0.6589288873504865,0.6088314501124283,0.036469455698155344,58,0.6312018163554828,0.6494786162844447,0.6632531663341218,0.6600922433815083,0.6342960907935776,0.6476643866298271,0.013042090775272514,Decision Tree,gini,3,4.0,10.0,,
0.0054553508758544925,0.0009085246911098463,0.0015228748321533202,0.0005784360132710785,,,"{'model__criterion': 'gini', 'model__max_depth': 5, 'model__min_samples_leaf': 1, 'model__min_samples_split': 2}",0.6138193609080534,0.6348967490206965,0.6820632098150416,0.6386188583917791,0.6519664628283527,0.6442729281927847,0.022514870027719784,20,0.7413069522200891,0.7535197802505232,0.7484892310151547,0.7510016979701758,0.7240416960075852,0.7436718714927056,0.010628746385188348,Decision Tree,gini,5,1.0,2.0,,
0.0052459716796875,0.000557868467594096,0.0015060901641845703,0.00033066403299121067,,,"{'model__criterion': 'gini', 'model__max_depth': 5, 'model__min_samples_leaf': 1, 'model__min_samples_split': 5}",0.6138193609080534,0.6348967490206965,0.6820632098150416,0.6386188583917791,0.6519664628283527,0.6442729281927847,0.022514870027719784,20,0.7413069522200891,0.7535197802505232,0.7484892310151547,0.7510016979701758,0.7240416960075852,0.7436718714927056,0.010628746385188348,Decision Tree,gini,5,1.0,5.0,,
0.0042629241943359375,2.656115660443386e-05,0.0010593414306640625,3.190585804008273e-05,,,"{'model__criterion': 'gini', 'model__max_depth': 5, 'model__min_samples_leaf': 1, 'model__min_samples_split': 10}",0.6138193609080534,0.6348967490206965,0.6820632098150416,0.6386188583917791,0.6519664628283527,0.6442729281927847,0.022514870027719784,20,0.7392429687319569,0.7535197802505232,0.7484892310151547,0.7510016979701758,0.7240416960075852,0.7432590747950792,0.01075194474998444,Decision Tree,gini,5,1.0,10.0,,
0.004080772399902344,5.683410866796139e-05,0.0010182380676269532,4.7905264205127844e-05,,,"{'model__criterion': 'gini', 'model__max_depth': 5, 'model__min_samples_leaf': 2, 'model__min_samples_split': 2}",0.6179860275747201,0.6348967490206965,0.6820632098150416,0.6345036320543306,0.6519664628283527,0.6442832162586283,0.021733146841028807,17,0.7404798223607011,0.7535197802505232,0.7484892310151547,0.750793631142193,0.7230064993202147,0.7432577928177574,0.011020863841998584,Decision Tree,gini,5,2.0,2.0,,
0.004177284240722656,0.00021423537336292333,0.0011365413665771484,0.00016702047657050586,,,"{'model__criterion': 'gini', 'model__max_depth': 5, 'model__min_samples_leaf': 2, 'model__min_samples_split': 5}",0.6179860275747201,0.6348967490206965,0.6820632098150416,0.6345036320543306,0.6519664628283527,0.6442832162586283,0.021733146841028807,17,0.7404798223607011,0.7535197802505232,0.7484892310151547,0.750793631142193,0.7230064993202147,0.7432577928177574,0.011020863841998584,Decision Tree,gini,5,2.0,5.0,,
0.0041846752166748045,0.00013890655183442527,0.0010971546173095704,0.00012006286205747444,,,"{'model__criterion': 'gini', 'model__max_depth': 5, 'model__min_samples_leaf': 2, 'model__min_samples_split': 10}",0.6179860275747201,0.6348967490206965,0.6820632098150416,0.6345036320543306,0.6519664628283527,0.6442832162586283,0.021733146841028807,17,0.738415838872569,0.7535197802505232,0.7484892310151547,0.750793631142193,0.7230064993202147,0.7428449961201309,0.011155022112918918,Decision Tree,gini,5,2.0,10.0,,
0.004159164428710937,0.0001575590329964596,0.0010271549224853515,4.932151494440864e-05,,,"{'model__criterion': 'gini', 'model__max_depth': 5, 'model__min_samples_leaf': 4, 'model__min_samples_split': 2}",0.6138193609080534,0.6449828043552018,0.6754625497490351,0.6386188583917791,0.6560816891658013,0.6457930525139741,0.02030062870271197,13,0.7375887090131812,0.7510568150173283,0.7467419918274079,0.7501745681107878,0.7215664484828327,0.7414257064903076,0.011015229449684291,Decision Tree,gini,5,4.0,2.0,,
0.0045204639434814455,0.0002494709022974354,0.0010957717895507812,0.00010098584729362972,,,"{'model__criterion': 'gini', 'model__max_depth': 5, 'model__min_samples_leaf': 4, 'model__min_samples_split': 5}",0.6138193609080534,0.6449828043552018,0.6754625497490351,0.6386188583917791,0.6560816891658013,0.6457930525139741,0.02030062870271197,13,0.7375887090131812,0.7510568150173283,0.7467419918274079,0.7501745681107878,0.7215664484828327,0.7414257064903076,0.011015229449684291,Decision Tree,gini,5,4.0,5.0,,
0.004150772094726562,6.611216079864411e-05,0.0010101318359375,6.062162649610569e-05,,,"{'model__criterion': 'gini', 'model__max_depth': 5, 'model__min_samples_leaf': 4, 'model__min_samples_split': 10}",0.6138193609080534,0.6449828043552018,0.6754625497490351,0.6386188583917791,0.6560816891658013,0.6457930525139741,0.02030062870271197,13,0.7375887090131812,0.7510568150173283,0.7467419918274079,0.7501745681107878,0.7215664484828327,0.7414257064903076,0.011015229449684291,Decision Tree,gini,5,4.0,10.0,,
0.004645729064941406,8.816751291268701e-05,0.0010160446166992188,3.091273181402443e-05,,,"{'model__criterion': 'gini', 'model__max_depth': 8, 'model__min_samples_leaf': 1, 'model__min_samples_split': 2}",0.6148707627772123,0.5878068998488634,0.6589608995840185,0.6235505800754778,0.6234433291027267,0.6217264942776597,0.0227605610209978,40,0.8592793014200115,0.8629819275149361,0.861766564431361,0.8737756545219814,0.844081733429226,0.8603770362635033,0.00953919424736602,Decision Tree,gini,8,1.0,2.0,,
0.004566097259521484,5.1407513043932835e-05,0.0010219097137451171,5.725331158085419e-05,,,"{'model__criterion': 'gini', 'model__max_depth': 8, 'model__min_samples_leaf': 1, 'model__min_samples_split': 5}",0.616603436044539,0.5884881712470312,0.6588052236390656,0.637993079531573,0.6367766624360601,0.6277333145796538,0.023734211262738236,32,0.8507769080404936,0.8541067852913159,0.8505756347133121,0.8625212646319492,0.8308495445817874,0.8497660274517717,0.010402393203461893,Decision Tree,gini,8,1.0,5.0,,
0.004497241973876953,4.6299734012824146e-05,0.0009929180145263673,3.812747695559315e-05,,,"{'model__criterion': 'gini', 'model__max_depth': 8, 'model__min_samples_leaf': 1, 'model__min_samples_split': 10}",0.6230190308750502,0.5933561580457111,0.6670356763139628,0.6312367435206134,0.6460320756893966,0.6321359368889468,0.024490374666817704,29,0.8321517767843178,0.8331156856144796,0.8356135621672606,0.8406654887582853,0.8165491730696995,0.8316191372788087,0.008092207218149709,Decision Tree,gini,8,1.0,10.0,,
0.004592609405517578,4.79197382920995e-05,0.0010052204132080078,1.9089811014776593e-05,,,"{'model__criterion': 'gini', 'model__max_depth': 8, 'model__min_samples_leaf': 2, 'model__min_samples_split': 2}",0.62545302427439,0.5959551679467011,0.6518566951034727,0.6338778531941244,0.6247890465751317,0.6263863574187639,0.018079493444781554,34,0.8435560255356492,0.8467180158270473,0.8426541461052762,0.8564621025706719,0.8309779517012151,0.8440736483479719,0.00817614417741097,Decision Tree,gini,8,2.0,2.0,,
0.004491090774536133,2.1314674309102685e-05,0.0009868144989013672,1.4147686966167903e-05,,,"{'model__criterion': 'gini', 'model__max_depth': 8, 'model__min_samples_leaf': 2, 'model__min_samples_split': 5}",0.6188523642083834,0.6027408932482033,0.6488677169603753,0.6371781832271277,0.6350071151109572,0.6285292545510093,0.016056783508805055,31,0.838567013478361,0.8436327826191427,0.8416189494179056,0.8546927554928843,0.8311939364700183,0.8419410874956623,0.007647957540226694,Decision Tree,gini,8,2.0,5.0,,
0.004545259475708008,5.850102089379222e-05,0.0010071277618408203,5.1185620490297345e-05,,,"{'model__criterion': 'gini', 'model__max_depth': 8, 'model__min_samples_leaf': 2, 'model__min_samples_split': 10}",0.6232040961105456,0.5975228247123777,0.6624169055619747,0.6335665013042185,0.651929156570901,0.6337278968520035,0.022697703651778645,28,0.8222446428166316,0.8247997297746709,0.8310396713243149,0.8315449524149775,0.8143757075383856,0.8248009407737961,0.006318601120871557,Decision Tree,gini,8,2.0,10.0,,
0.004679203033447266,0.000209052284155549,0.0010538578033447265,3.903179386755501e-05,,,"{'model__criterion': 'gini', 'model__max_depth': 8, 'model__min_samples_leaf': 4, 'model__min_samples_split': 2}",0.6070725764165201,0.6010082199808765,0.6396259472208577,0.6182318441487754,0.645916695511711,0.6223710566557482,0.017661685798102678,38,0.8089426083878366,0.8200757277246574,0.8163151849032335,0.8254783789467531,0.8162418573236906,0.8174107514572343,0.005412295971748676,Decision Tree,gini,8,4.0,2.0,,
0.004524850845336914,2.9335601736423807e-05,0.000992727279663086,1.646117565584905e-05,,,"{'model__criterion': 'gini', 'model__max_depth': 8, 'model__min_samples_leaf': 4, 'model__min_samples_split': 5}",0.6070725764165201,0.6010082199808765,0.6396259472208577,0.6182318441487754,0.645916695511711,0.6223710566557482,0.017661685798102678,38,0.8089426083878366,0.8200757277246574,0.8163151849032335,0.8254783789467531,0.8162418573236906,0.8174107514572343,0.005412295971748676,Decision Tree,gini,8,4.0,5.0,,
0.004555416107177734,0.00013636403936576554,0.001013803482055664,2.478792000344651e-05,,,"{'model__criterion': 'gini', 'model__max_depth': 8, 'model__min_samples_leaf': 4, 'model__min_samples_split': 10}",0.6037722463835168,0.6138394096418988,0.6394702712759047,0.6198616367576659,0.6585958232375677,0.6271078774593107,0.01958280587885426,33,0.8072436914231313,0.8161079653871418,0.8155050254813435,0.8196175983521075,0.8096228877546139,0.8136194336796677,0.0045243495574989094,Decision Tree,gini,8,4.0,10.0,,
0.00495758056640625,3.6129218624335526e-05,0.001018381118774414,5.1049331887357615e-05,,,"{'model__criterion': 'gini', 'model__max_depth': None, 'model__min_samples_leaf': 1, 'model__min_samples_split': 2}",0.5429848709169982,0.5885753061287436,0.6406372642854782,0.5752168508255437,0.616957424714434,0.5928743433742396,0.033706140826914345,72,1.0,1.0,1.0,1.0,1.0,1.0,0.0,Decision Tree,gini,,1.0,2.0,,
0.004874324798583985,4.1685659640071466e-05,0.0009888648986816407,3.0011435247023045e-05,,,"{'model__criterion': 'gini', 'model__max_depth': None, 'model__min_samples_leaf': 1, 'model__min_samples_split': 5}",0.5338241417599704,0.5904930446315659,0.6447524906229267,0.5904742465860842,0.6161755317103189,0.5951438910621734,0.03662482946109399,71,0.9382544355994363,0.9458034097024536,0.9432942305818401,0.9382289129259908,0.9479125193597131,0.9426987016338867,0.003921945279455585,Decision Tree,gini,,1.0,5.0,,
0.004859495162963867,0.00012674071536756607,0.0010051250457763672,1.946605571432395e-05,,,"{'model__criterion': 'gini', 'model__max_depth': None, 'model__min_samples_leaf': 1, 'model__min_samples_split': 10}",0.5803198544153481,0.5779930446315659,0.6537978396022691,0.6081386615251322,0.6459043882927579,0.6132307576934146,0.03182454301615822,47,0.8831538321236924,0.879555632691345,0.8813076652729012,0.8838990047575338,0.8786990369057026,0.8813230343502351,0.001999837565797455,Decision Tree,gini,,1.0,10.0,,
0.004807376861572265,6.0560684458276626e-05,0.001000213623046875,1.3909757560132523e-05,,,"{'model__criterion': 'gini', 'model__max_depth': None, 'model__min_samples_leaf': 2, 'model__min_samples_split': 2}",0.5975417167885012,0.5988263779648992,0.6247583179002736,0.610120550839151,0.6121629937310104,0.6086819914447671,0.00993855058681709,67,0.9182907050496086,0.9242038437788188,0.9179662105535235,0.9211920254271897,0.9260003508880326,0.9215306271394347,0.003176203062005235,Decision Tree,gini,,2.0,2.0,,
0.004843425750732422,0.00010569764377923795,0.000999784469604492,3.499529962331111e-05,,,"{'model__criterion': 'gini', 'model__max_depth': None, 'model__min_samples_leaf': 2, 'model__min_samples_split': 5}",0.5753647327349557,0.5988263779648992,0.6371812583075219,0.6170690793747439,0.6119449251951848,0.6080772747154611,0.02048678903931427,68,0.9061593829550416,0.9086407725332052,0.9100373105385406,0.9153969789589315,0.9229587358175936,0.9126386361606625,0.00598069297992053,Decision Tree,gini,,2.0,5.0,,
0.004745912551879883,6.010634044285242e-05,0.0010022163391113282,2.5652155058654238e-05,,,"{'model__criterion': 'gini', 'model__max_depth': None, 'model__min_samples_leaf': 2, 'model__min_samples_split': 10}",0.602885861016008,0.5852749760957404,0.6354742043037288,0.6058861651364298,0.6489042729125803,0.6156850958928974,0.023150539419382592,44,0.8601096172183337,0.8593762982325456,0.8717902396655299,0.8727353203820681,0.862958494257264,0.8653939939511484,0.005742403520808689,Decision Tree,gini,,2.0,10.0,,
0.004666042327880859,7.048604872564817e-05,0.001035594940185547,2.908730115952309e-05,,,"{'model__criterion': 'gini', 'model__max_depth': None, 'model__min_samples_leaf': 4, 'model__min_samples_split': 2}",0.5813512075506616,0.600082893803399,0.6354334594885065,0.6001046296104103,0.6231879543094496,0.6080320289524854,0.01907060098407731,69,0.8499821304893022,0.8485742039621996,0.8458873723858894,0.8601764807591032,0.8583335041578692,0.8525907383508727,0.005628416220028037,Decision Tree,gini,,4.0,2.0,,
0.00467214584350586,4.310476039456015e-05,0.0009763240814208984,5.802933855658073e-06,,,"{'model__criterion': 'gini', 'model__max_depth': None, 'model__min_samples_leaf': 4, 'model__min_samples_split': 5}",0.5813512075506616,0.600082893803399,0.6354334594885065,0.6001046296104103,0.6231879543094496,0.6080320289524854,0.01907060098407731,69,0.8499821304893022,0.8485742039621996,0.8458873723858894,0.8601764807591032,0.8583335041578692,0.8525907383508727,0.005628416220028037,Decision Tree,gini,,4.0,5.0,,
0.004605865478515625,5.054824744947986e-05,0.0009857654571533204,1.1482373423753146e-05,,,"{'model__criterion': 'gini', 'model__max_depth': None, 'model__min_samples_leaf': 4, 'model__min_samples_split': 10}",0.5851477437463372,0.600082893803399,0.628988475367453,0.5902036395114004,0.6469043498326987,0.6102654204522576,0.02379084075050383,57,0.8444309985799009,0.837863113332468,0.8397964170732202,0.8515967244613233,0.845177849514459,0.8437730205922742,0.00478240945404395,Decision Tree,gini,,4.0,10.0,,
0.003389406204223633,4.586801692307723e-05,0.0009701251983642578,5.038524150045105e-05,,,"{'model__criterion': 'entropy', 'model__max_depth': 2, 'model__min_samples_leaf': 1, 'model__min_samples_split': 2}",0.5633717343696987,0.5531596033435119,0.5708782967744713,0.5838455264114811,0.6127548940425368,0.5768020109883399,0.020574970565275758,73,0.5824660876937987,0.5975514784914678,0.5975763941298625,0.6004923195505588,0.5896341602491978,0.5935440880229772,0.0066122041522763625,Decision Tree,entropy,2,1.0,2.0,,
0.0034017562866210938,2.0671317042231877e-05,0.0010075092315673829,4.7968822719188985e-05,,,"{'model__criterion': 'entropy', 'model__max_depth': 2, 'model__min_samples_leaf': 1, 'model__min_samples_split': 5}",0.5633717343696987,0.5531596033435119,0.5708782967744713,0.5838455264114811,0.6127548940425368,0.5768020109883399,0.020574970565275758,73,0.5824660876937987,0.5975514784914678,0.5975763941298625,0.6004923195505588,0.5896341602491978,0.5935440880229772,0.0066122041522763625,Decision Tree,entropy,2,1.0,5.0,,
0.003384828567504883,6.0258521262355774e-05,0.0009735107421875,2.8190474064631442e-05,,,"{'model__criterion': 'entropy', 'model__max_depth': 2, 'model__min_samples_leaf': 1, 'model__min_samples_split': 10}",0.5633717343696987,0.5531596033435119,0.5708782967744713,0.5838455264114811,0.6127548940425368,0.5768020109883399,0.020574970565275758,73,0.5824660876937987,0.5975514784914678,0.5975763941298625,0.6004923195505588,0.5896341602491978,0.5935440880229772,0.0066122041522763625,Decision Tree,entropy,2,1.0,10.0,,
0.0034131526947021483,3.1479343183486404e-05,0.0009661674499511719,1.4174661267281362e-05,,,"{'model__criterion': 'entropy', 'model__max_depth': 2, 'model__min_samples_leaf': 2, 'model__min_samples_split': 2}",0.5633717343696987,0.5531596033435119,0.5708782967744713,0.5838455264114811,0.6127548940425368,0.5768020109883399,0.020574970565275758,73,0.5824660876937987,0.5975514784914678,0.5975763941298625,0.6004923195505588,0.5896341602491978,0.5935440880229772,0.0066122041522763625,Decision Tree,entropy,2,2.0,2.0,,
0.0034245014190673827,3.788098346324663e-05,0.0009479999542236328,2.0243071230196535e-05,,,"{'model__criterion': 'entropy', 'model__max_depth': 2, 'model__min_samples_leaf': 2, 'model__min_samples_split': 5}",0.5633717343696987,0.5531596033435119,0.5708782967744713,0.5838455264114811,0.6127548940425368,0.5768020109883399,0.020574970565275758,73,0.5824660876937987,0.5975514784914678,0.5975763941298625,0.6004923195505588,0.5896341602491978,0.5935440880229772,0.0066122041522763625,Decision Tree,entropy,2,2.0,5.0,,
0.003375244140625,2.671922456029886e-05,0.00098419189453125,5.964430443260882e-05,,,"{'model__criterion': 'entropy', 'model__max_depth': 2, 'model__min_samples_leaf': 2, 'model__min_samples_split': 10}",0.5633717343696987,0.5531596033435119,0.5708782967744713,0.5838455264114811,0.6127548940425368,0.5768020109883399,0.020574970565275758,73,0.5824660876937987,0.5975514784914678,0.5975763941298625,0.6004923195505588,0.5896341602491978,0.5935440880229772,0.0066122041522763625,Decision Tree,entropy,2,2.0,10.0,,
0.0033752918243408203,4.063676651311668e-05,0.0009484291076660156,1.1048842760464613e-05,,,"{'model__criterion': 'entropy', 'model__max_depth': 2, 'model__min_samples_leaf': 4, 'model__min_samples_split': 2}",0.5633717343696987,0.5531596033435119,0.5708782967744713,0.5838455264114811,0.6127548940425368,0.5768020109883399,0.020574970565275758,73,0.5824660876937987,0.5975514784914678,0.5975763941298625,0.6004923195505588,0.5896341602491978,0.5935440880229772,0.0066122041522763625,Decision Tree,entropy,2,4.0,2.0,,
0.0033891677856445314,8.519658993246921e-05,0.0009901046752929688,4.6133693181511574e-05,,,"{'model__criterion': 'entropy', 'model__max_depth': 2, 'model__min_samples_leaf': 4, 'model__min_samples_split': 5}",0.5633717343696987,0.5531596033435119,0.5708782967744713,0.5838455264114811,0.6127548940425368,0.5768020109883399,0.020574970565275758,73,0.5824660876937987,0.5975514784914678,0.5975763941298625,0.6004923195505588,0.5896341602491978,0.5935440880229772,0.0066122041522763625,Decision Tree,entropy,2,4.0,5.0,,
0.0034358024597167967,2.9150471605335388e-05,0.000980710983276367,1.139491163189132e-05,,,"{'model__criterion': 'entropy', 'model__max_depth': 2, 'model__min_samples_leaf': 4, 'model__min_samples_split': 10}",0.5633717343696987,0.5531596033435119,0.5708782967744713,0.5838455264114811,0.6127548940425368,0.5768020109883399,0.020574970565275758,73,0.5824660876937987,0.5975514784914678,0.5975763941298625,0.6004923195505588,0.5896341602491978,0.5935440880229772,0.0066122041522763625,Decision Tree,entropy,2,4.0,10.0,,
0.0037031650543212892,2.8093519889433943e-05,0.000977468490600586,2.8426214358179595e-05,,,"{'model__criterion': 'entropy', 'model__max_depth': 3, 'model__min_samples_leaf': 1, 'model__min_samples_split': 2}",0.5806201998704543,0.5866564109681995,0.5951714318881224,0.6511578830839059,0.6457763162955271,0.6118764484212419,0.03027967335036625,48,0.6369150283997603,0.6390497096762051,0.6482940836170091,0.6441574657839344,0.6457885640720489,0.6428409703097916,0.004234344312285836,Decision Tree,entropy,3,1.0,2.0,,
0.003735780715942383,7.289013967594911e-05,0.0009768009185791016,2.655088215755169e-05,,,"{'model__criterion': 'entropy', 'model__max_depth': 3, 'model__min_samples_leaf': 1, 'model__min_samples_split': 5}",0.5806201998704543,0.5866564109681995,0.5951714318881224,0.6511578830839059,0.6457763162955271,0.6118764484212419,0.03027967335036625,48,0.6369150283997603,0.6390497096762051,0.6482940836170091,0.6441574657839344,0.6457885640720489,0.6428409703097916,0.004234344312285836,Decision Tree,entropy,3,1.0,5.0,,
0.0037889480590820312,0.00010064969578176912,0.000974273681640625,2.2020688969030084e-05,,,"{'model__criterion': 'entropy', 'model__max_depth': 3, 'model__min_samples_leaf': 1, 'model__min_samples_split': 10}",0.5806201998704543,0.5866564109681995,0.5951714318881224,0.6511578830839059,0.6457763162955271,0.6118764484212419,0.03027967335036625,48,0.6369150283997603,0.6390497096762051,0.6482940836170091,0.6441574657839344,0.6457885640720489,0.6428409703097916,0.004234344312285836,Decision Tree,entropy,3,1.0,10.0,,
0.0037164688110351562,5.296692901416324e-05,0.0009696483612060547,1.4215826487895265e-05,,,"{'model__criterion': 'entropy', 'model__max_depth': 3, 'model__min_samples_leaf': 2, 'model__min_samples_split': 2}",0.5806201998704543,0.5866564109681995,0.5951714318881224,0.6511578830839059,0.6457763162955271,0.6118764484212419,0.03027967335036625,48,0.6369150283997603,0.6390497096762051,0.6482940836170091,0.6441574657839344,0.6457885640720489,0.6428409703097916,0.004234344312285836,Decision Tree,entropy,3,2.0,2.0,,
0.003684663772583008,1.7219434229918856e-05,0.0009627819061279296,2.1954403024258735e-05,,,"{'model__criterion': 'entropy', 'model__max_depth': 3, 'model__min_samples_leaf': 2, 'model__min_samples_split': 5}",0.5806201998704543,0.5866564109681995,0.5951714318881224,0.6511578830839059,0.6457763162955271,0.6118764484212419,0.03027967335036625,48,0.6369150283997603,0.6390497096762051,0.6482940836170091,0.6441574657839344,0.6457885640720489,0.6428409703097916,0.004234344312285836,Decision Tree,entropy,3,2.0,5.0,,
0.0037531375885009764,5.046086279616254e-05,0.0009573936462402344,9.506415783125994e-06,,,"{'model__criterion': 'entropy', 'model__max_depth': 3, 'model__min_samples_leaf': 2, 'model__min_samples_split': 10}",0.5806201998704543,0.5866564109681995,0.5951714318881224,0.6511578830839059,0.6457763162955271,0.6118764484212419,0.03027967335036625,48,0.6369150283997603,0.6390497096762051,0.6482940836170091,0.6441574657839344,0.6457885640720489,0.6428409703097916,0.004234344312285836,Decision Tree,entropy,3,2.0,10.0,,
0.003680419921875,2.314424333514025e-05,0.0009612083435058594,1.834218451020305e-05,,,"{'model__criterion': 'entropy', 'model__max_depth': 3, 'model__min_samples_leaf': 4, 'model__min_samples_split': 2}",0.5806201998704543,0.5866564109681995,0.5951714318881224,0.6511578830839059,0.6457763162955271,0.6118764484212419,0.03027967335036625,48,0.6369150283997603,0.6390497096762051,0.6482940836170091,0.6441574657839344,0.6457885640720489,0.6428409703097916,0.004234344312285836,Decision Tree,entropy,3,4.0,2.0,,
0.0037142753601074217,2.9664253846673275e-05,0.0009654045104980468,9.23071021837414e-06,,,"{'model__criterion': 'entropy', 'model__max_depth': 3, 'model__min_samples_leaf': 4, 'model__min_samples_split': 5}",0.5806201998704543,0.5866564109681995,0.5951714318881224,0.6511578830839059,0.6457763162955271,0.6118764484212419,0.03027967335036625,48,0.6369150283997603,0.6390497096762051,0.6482940836170091,0.6441574657839344,0.6457885640720489,0.6428409703097916,0.004234344312285836,Decision Tree,entropy,3,4.0,5.0,,
0.003703880310058594,0.00010484437972306853,0.0009549617767333985,2.191044690059567e-05,,,"{'model__criterion': 'entropy', 'model__max_depth': 3, 'model__min_samples_leaf': 4, 'model__min_samples_split': 10}",0.5806201998704543,0.5866564109681995,0.5951714318881224,0.6511578830839059,0.6457763162955271,0.6118764484212419,0.03027967335036625,48,0.6369150283997603,0.6390497096762051,0.6482940836170091,0.6441574657839344,0.6457885640720489,0.6428409703097916,0.004234344312285836,Decision Tree,entropy,3,4.0,10.0,,
0.004347610473632813,7.213561261218734e-05,0.000986194610595703,2.3960580868316677e-05,,,"{'model__criterion': 'entropy', 'model__max_depth': 5, 'model__min_samples_leaf': 1, 'model__min_samples_split': 2}",0.6407972456124117,0.6889465932574566,0.6586495476941125,0.618469009724173,0.639723472174147,0.6493171736924601,0.02355343543133889,6,0.7243513190887239,0.7209355657556095,0.7353576917644699,0.7359370869246021,0.7188745184552573,0.7270912363977324,0.0072041271162393465,Decision Tree,entropy,5,1.0,2.0,,
0.00436854362487793,9.211439956970844e-05,0.0009862899780273438,2.6805035149158657e-05,,,"{'model__criterion': 'entropy', 'model__max_depth': 5, 'model__min_samples_leaf': 1, 'model__min_samples_split': 5}",0.6407972456124117,0.6889465932574566,0.6586495476941125,0.618469009724173,0.639723472174147,0.6493171736924601,0.02355343543133889,6,0.7243513190887239,0.7209355657556095,0.7353576917644699,0.7359370869246021,0.7188745184552573,0.7270912363977324,0.0072041271162393465,Decision Tree,entropy,5,1.0,5.0,,
0.004337978363037109,3.199694584433425e-05,0.0009744644165039062,8.703290540775847e-06,,,"{'model__criterion': 'entropy', 'model__max_depth': 5, 'model__min_samples_leaf': 1, 'model__min_samples_split': 10}",0.6407972456124117,0.6889465932574566,0.6586495476941125,0.618469009724173,0.639723472174147,0.6493171736924601,0.02355343543133889,6,0.7243513190887239,0.7209355657556095,0.7353576917644699,0.7359370869246021,0.7188745184552573,0.7270912363977324,0.0072041271162393465,Decision Tree,entropy,5,1.0,10.0,,
0.004307603836059571,5.066932761859227e-05,0.0009877681732177734,3.553572735539013e-05,,,"{'model__criterion': 'entropy', 'model__max_depth': 5, 'model__min_samples_leaf': 2, 'model__min_samples_split': 2}",0.6407972456124117,0.6889465932574566,0.6586495476941125,0.618469009724173,0.639723472174147,0.6493171736924601,0.02355343543133889,6,0.7243513190887239,0.7209355657556095,0.7353576917644699,0.7359370869246021,0.7188745184552573,0.7270912363977324,0.0072041271162393465,Decision Tree,entropy,5,2.0,2.0,,
0.004373884201049805,7.400577215523013e-05,0.000978565216064453,9.808947165754238e-06,,,"{'model__criterion': 'entropy', 'model__max_depth': 5, 'model__min_samples_leaf': 2, 'model__min_samples_split': 5}",0.6407972456124117,0.6889465932574566,0.6586495476941125,0.618469009724173,0.639723472174147,0.6493171736924601,0.02355343543133889,6,0.7243513190887239,0.7209355657556095,0.7353576917644699,0.7359370869246021,0.7188745184552573,0.7270912363977324,0.0072041271162393465,Decision Tree,entropy,5,2.0,5.0,,
0.004307270050048828,4.680102659429324e-05,0.0009672164916992188,1.2203119068287026e-05,,,"{'model__criterion': 'entropy', 'model__max_depth': 5, 'model__min_samples_leaf': 2, 'model__min_samples_split': 10}",0.6407972456124117,0.6889465932574566,0.6586495476941125,0.618469009724173,0.639723472174147,0.6493171736924601,0.02355343543133889,6,0.7243513190887239,0.7209355657556095,0.7353576917644699,0.7359370869246021,0.7188745184552573,0.7270912363977324,0.0072041271162393465,Decision Tree,entropy,5,2.0,10.0,,
0.0042933464050292965,3.1078152148547826e-05,0.0009754180908203125,1.9477732733150705e-05,,,"{'model__criterion': 'entropy', 'model__max_depth': 5, 'model__min_samples_leaf': 4, 'model__min_samples_split': 2}",0.6407972456124117,0.689131658492952,0.6586495476941125,0.618469009724173,0.639723472174147,0.6493541867395592,0.023615744994105306,3,0.7243513190887239,0.7195492495124101,0.7352182225610133,0.7359370869246021,0.7196143811739235,0.7269340518521346,0.007272764506174859,Decision Tree,entropy,5,4.0,2.0,,
0.004335641860961914,9.074575694503592e-05,0.0009855270385742188,1.598976557329396e-05,,,"{'model__criterion': 'entropy', 'model__max_depth': 5, 'model__min_samples_leaf': 4, 'model__min_samples_split': 5}",0.6407972456124117,0.689131658492952,0.6586495476941125,0.618469009724173,0.639723472174147,0.6493541867395592,0.023615744994105306,3,0.7243513190887239,0.7195492495124101,0.7352182225610133,0.7359370869246021,0.7196143811739235,0.7269340518521346,0.007272764506174859,Decision Tree,entropy,5,4.0,5.0,,
0.0042955875396728516,2.97020177886914e-05,0.0009682178497314453,1.915378357734197e-05,,,"{'model__criterion': 'entropy', 'model__max_depth': 5, 'model__min_samples_leaf': 4, 'model__min_samples_split': 10}",0.6407972456124117,0.689131658492952,0.6586495476941125,0.618469009724173,0.639723472174147,0.6493541867395592,0.023615744994105306,3,0.7243513190887239,0.7195492495124101,0.7352182225610133,0.7359370869246021,0.7196143811739235,0.7269340518521346,0.007272764506174859,Decision Tree,entropy,5,4.0,10.0,,
0.005064773559570313,4.20583889110452e-05,0.0009786128997802735,8.093037807163477e-06,,,"{'model__criterion': 'entropy', 'model__max_depth': 8, 'model__min_samples_leaf': 1, 'model__min_samples_split': 2}",0.6280520341753801,0.6453220906202769,0.6343072112941552,0.5875260132582091,0.6834806353601784,0.63573759694164,0.03084390025891337,26,0.8446851403275657,0.8426243427783678,0.8389316406353631,0.856076330417029,0.8341618563920953,0.8432958621100841,0.007323904585123015,Decision Tree,entropy,8,1.0,2.0,,
0.005078601837158203,6.32620057263914e-05,0.0009953498840332032,2.945657444113174e-05,,,"{'model__criterion': 'entropy', 'model__max_depth': 8, 'model__min_samples_leaf': 1, 'model__min_samples_split': 5}",0.6193875111810246,0.6422068258227692,0.6311625572061049,0.5883409095626543,0.6909291950309603,0.6344053997607026,0.0335075870297684,27,0.8406834627684144,0.833883172292536,0.8326865196361437,0.8486735139644804,0.8250462742013855,0.836194588572592,0.007972548860735422,Decision Tree,entropy,8,1.0,5.0,,
0.005033063888549805,4.577721157884649e-05,0.0009994983673095703,3.039117802858209e-05,,,"{'model__criterion': 'entropy', 'model__max_depth': 8, 'model__min_samples_leaf': 1, 'model__min_samples_split': 10}",0.6262993121742081,0.6439595478239413,0.6303069160864374,0.6079464690004989,0.6838263912926426,0.6384677272755457,0.025431417052089362,25,0.8271289757407101,0.8169753823460343,0.8129697347617473,0.8332074657460352,0.8127428174538215,0.8206048752096697,0.008181316718345351,Decision Tree,entropy,8,1.0,10.0,,
0.005031585693359375,2.0538899192747122e-05,0.0010085582733154296,3.719922776519674e-05,,,"{'model__criterion': 'entropy', 'model__max_depth': 8, 'model__min_samples_leaf': 2, 'model__min_samples_split': 2}",0.6266694426451991,0.6326759661947503,0.639393009881002,0.6155177013159038,0.7085054420983807,0.6445523124270471,0.03292559633889504,16,0.8300831706791283,0.8257905026823743,0.8235416014483911,0.8409822000744679,0.822001603537136,0.8284798156842996,0.006818591637056405,Decision Tree,entropy,8,2.0,2.0,,
0.004968070983886718,3.852023849391344e-05,0.000978565216064453,1.1319836948153797e-05,,,"{'model__criterion': 'entropy', 'model__max_depth': 8, 'model__min_samples_leaf': 2, 'model__min_samples_split': 5}",0.6233691126121957,0.6326759661947503,0.6293363438370392,0.5990567959661095,0.7149540402292219,0.6398784517678633,0.03934036523122033,23,0.8276017811009645,0.8257905026823743,0.8211531913391982,0.8377201703714018,0.818491159325013,0.8261513609637904,0.006629203227027335,Decision Tree,entropy,8,2.0,5.0,,
0.005004787445068359,2.0251605882435206e-05,0.00098419189453125,9.294044291958364e-06,,,"{'model__criterion': 'entropy', 'model__max_depth': 8, 'model__min_samples_leaf': 2, 'model__min_samples_split': 10}",0.6264843774097035,0.6408442830264335,0.6303069160864374,0.6013865537497146,0.6972874120226145,0.6392619084589807,0.03177251219386113,24,0.8197032313511876,0.8137561774003413,0.8113154750429715,0.826754277918833,0.810185285434326,0.8163428894295318,0.006157450277566492,Decision Tree,entropy,8,2.0,10.0,,
0.004939603805541992,3.898108041815405e-05,0.0009874343872070313,1.5462763729330054e-05,,,"{'model__criterion': 'entropy', 'model__max_depth': 8, 'model__min_samples_leaf': 4, 'model__min_samples_split': 2}",0.6328999722402147,0.6661754726874557,0.6635024089411038,0.6072088340909563,0.6902626822045307,0.6520098740328523,0.02887331433444912,1,0.8155752643749233,0.810321368545677,0.8066935363856708,0.8307828408074425,0.8033105361975267,0.813336709262248,0.009624207050074928,Decision Tree,entropy,8,4.0,2.0,,
0.004905033111572266,2.2200034605158238e-05,0.0009800910949707032,1.23291685437753e-05,,,"{'model__criterion': 'entropy', 'model__max_depth': 8, 'model__min_samples_leaf': 4, 'model__min_samples_split': 5}",0.6328999722402147,0.6661754726874557,0.6635024089411038,0.6072088340909563,0.6902626822045307,0.6520098740328523,0.02887331433444912,1,0.8155752643749233,0.810321368545677,0.8066935363856708,0.8307828408074425,0.8033105361975267,0.813336709262248,0.009624207050074928,Decision Tree,entropy,8,4.0,5.0,,
0.004949235916137695,6.248051707110723e-05,0.0010066032409667969,3.285508368832355e-05,,,"{'model__criterion': 'entropy', 'model__max_depth': 8, 'model__min_samples_leaf': 4, 'model__min_samples_split': 10}",0.6328999722402147,0.660626214490608,0.6577166451795424,0.6009195259148555,0.6933779470020385,0.6491080609654518,0.030826726854923263,12,0.8138763474102181,0.8056527657658862,0.7998632932300419,0.8241901837767839,0.8001806457436925,0.8087526471853245,0.00923773703110713,Decision Tree,entropy,8,4.0,10.0,,
0.0055271625518798825,4.393313739258205e-05,0.0010053157806396485,3.771555854012222e-05,,,"{'model__criterion': 'entropy', 'model__max_depth': None, 'model__min_samples_leaf': 1, 'model__min_samples_split': 2}",0.6001017858795225,0.6269616914962525,0.631318233151058,0.5900479635664474,0.6731348794277143,0.6243129107041989,0.02898254778289068,37,1.0,1.0,1.0,1.0,1.0,1.0,0.0,Decision Tree,entropy,,1.0,2.0,,
0.00549921989440918,7.31298770206173e-05,0.0009877681732177734,2.3546777010205056e-05,,,"{'model__criterion': 'entropy', 'model__max_depth': None, 'model__min_samples_leaf': 1, 'model__min_samples_split': 5}",0.6048236482526758,0.6267766262607569,0.6191282300836652,0.5969192307071377,0.6440071535710165,0.6183309777750504,0.016565877317059566,41,0.9569550796195595,0.948996381747186,0.957869688768914,0.9449189710036284,0.9467891675879162,0.9511058577454408,0.0053164664412758845,Decision Tree,entropy,,1.0,5.0,,
0.005375909805297852,5.8118879937839825e-05,0.0009970664978027344,2.740756121149428e-05,,,"{'model__criterion': 'entropy', 'model__max_depth': None, 'model__min_samples_leaf': 1, 'model__min_samples_split': 10}",0.602885861016008,0.5986613614632491,0.6510794685338555,0.575762293210453,0.6592377216260913,0.6175253411699314,0.03218732182363358,42,0.8883923633115881,0.8809819835634164,0.8754735404771042,0.8904695538981516,0.8790062323527428,0.8828647347206007,0.005682437810498011,Decision Tree,entropy,,1.0,10.0,,
0.005406236648559571,5.639163406423405e-05,0.000995635986328125,1.597867016228839e-05,,,"{'model__criterion': 'entropy', 'model__max_depth': None, 'model__min_samples_leaf': 2, 'model__min_samples_split': 2}",0.6195725764165202,0.5822375929181703,0.6247175730850513,0.5904742465860842,0.652007230491135,0.6138018438993921,0.025110096767957012,46,0.935578926160888,0.9400242427110316,0.9389217110344648,0.9443345647217535,0.9382825628376853,0.9394284014931646,0.0028570476426409462,Decision Tree,entropy,,2.0,2.0,,
0.00538930892944336,7.265981342717595e-05,0.0010033607482910155,2.184132810752193e-05,,,"{'model__criterion': 'entropy', 'model__max_depth': None, 'model__min_samples_leaf': 2, 'model__min_samples_split': 5}",0.623057971685019,0.5888382529841769,0.6336072461194407,0.5609676970492297,0.6680319987692781,0.6149006333214289,0.03695248519298919,45,0.9307131438170947,0.9321887745521528,0.9251807941137259,0.9294433637546322,0.926466244734875,0.9287984641944961,0.0026116233358670685,Decision Tree,entropy,,2.0,5.0,,
0.005304098129272461,2.8500345930416394e-05,0.0010178089141845703,2.3781700534181643e-05,,,"{'model__criterion': 'entropy', 'model__max_depth': None, 'model__min_samples_leaf': 2, 'model__min_samples_split': 10}",0.5980379229511735,0.5913794299990747,0.6414898303247515,0.5809253531922025,0.6691473404869043,0.6161959753908214,0.03356551428718678,43,0.8728553987316188,0.8771851678889431,0.8681688409460694,0.8830888453356437,0.8733158745845716,0.8749228254973692,0.004985477411098832,Decision Tree,entropy,,2.0,10.0,,
0.005135297775268555,6.804083630952553e-05,0.0009940147399902343,1.541253949492303e-05,,,"{'model__criterion': 'entropy', 'model__max_depth': None, 'model__min_samples_leaf': 4, 'model__min_samples_split': 2}",0.633766308873878,0.6261342956725579,0.6704144208970163,0.5657828885613928,0.6318672358755433,0.6255930299760777,0.03374217306664319,35,0.8647443047764883,0.8610705925801936,0.8508840924172127,0.8696762200544419,0.8558002725300962,0.8604350964716865,0.006589002473940525,Decision Tree,entropy,,4.0,2.0,,
0.00512089729309082,4.075231242344284e-05,0.0010358333587646485,6.156438621870922e-05,,,"{'model__criterion': 'entropy', 'model__max_depth': None, 'model__min_samples_leaf': 4, 'model__min_samples_split': 5}",0.633766308873878,0.6261342956725579,0.6704144208970163,0.5657828885613928,0.6318672358755433,0.6255930299760777,0.03374217306664319,35,0.8647443047764883,0.8610705925801936,0.8508840924172127,0.8696762200544419,0.8558002725300962,0.8604350964716865,0.006589002473940525,Decision Tree,entropy,,4.0,5.0,,
0.005052614212036133,2.755912522251107e-05,0.000986194610595703,1.668902805650891e-05,,,"{'model__criterion': 'entropy', 'model__max_depth': None, 'model__min_samples_leaf': 4, 'model__min_samples_split': 10}",0.6289183708090436,0.644679760032078,0.6629988645265644,0.5601528007447844,0.6500073074112535,0.6293514207047448,0.03628335887010381,30,0.8549865071879411,0.8519167648567034,0.8446780497455318,0.855201152743286,0.8475494474475879,0.8508663843962101,0.004151300616034913,Decision Tree,entropy,,4.0,10.0,,
0.12063183784484863,0.0007924760229627747,0.005769681930541992,7.362393517515855e-05,,,"{'model__max_depth': None, 'model__max_features': 'sqrt', 'model__min_samples_leaf': 1, 'model__min_samples_split': 2, 'model__n_estimators': 100}",0.6767577341846334,0.67085839425064,0.6902936624899388,0.661057720027768,0.7416083996769355,0.6881151821259832,0.02837310242945268,27,1.0,1.0,1.0,1.0,1.0,1.0,0.0,Random Forest,,,1.0,2.0,sqrt,100.0
0.23733000755310057,0.001463645854111381,0.010271167755126953,8.807604407340232e-05,,,"{'model__max_depth': None, 'model__max_features': 'sqrt', 'model__min_samples_leaf': 1, 'model__min_samples_split': 2, 'model__n_estimators': 200}",0.67589139755097,0.6847409857808211,0.6912642347393371,0.6642023741158183,0.7374931733394869,0.6907184331052867,0.025087233676032685,9,1.0,1.0,1.0,1.0,1.0,1.0,0.0,Random Forest,,,1.0,2.0,sqrt,200.0
0.35584425926208496,0.002847262786417175,0.0147491455078125,0.00010668037656779026,,,"{'model__max_depth': None, 'model__max_features': 'sqrt', 'model__min_samples_leaf': 1, 'model__min_samples_split': 2, 'model__n_estimators': 300}",0.6692907374849635,0.6677431294531323,0.6944088888273873,0.6592722514739245,0.7279293104111381,0.6837288635301092,0.025019478394943433,61,1.0,1.0,1.0,1.0,1.0,1.0,0.0,Random Forest,,,1.0,2.0,sqrt,300.0
0.11716032028198242,0.0006461870849321335,0.005529022216796875,3.652572631835937e-05,,,"{'model__max_depth': None, 'model__max_features': 'sqrt', 'model__min_samples_leaf': 1, 'model__min_samples_split': 5, 'model__n_estimators': 100}",0.676942799420129,0.6897739890811511,0.7186739638324419,0.6440525254482122,0.7263778316218606,0.691164221880759,0.029733744325395838,7,0.9867396893488326,0.9885279208053968,0.9882829867195168,0.9909259533911777,0.9815161115446687,0.9871985323619186,0.0031412553437026825,Random Forest,,,1.0,5.0,sqrt,100.0
0.23955650329589845,0.016238432297738324,0.01610989570617676,0.012172396333353375,,,"{'model__max_depth': None, 'model__max_features': 'sqrt', 'model__min_samples_leaf': 1, 'model__min_samples_split': 5, 'model__n_estimators': 200}",0.6778091360537922,0.6901441195521422,0.6950681091868796,0.6495269373198677,0.7253778700819199,0.6875852344389203,0.024636682794559144,33,0.9935169328626848,0.992529598364548,0.9916601037815945,0.9940950036252728,0.9874165834919596,0.9918436444252119,0.0023652315288004455,Random Forest,,,1.0,5.0,sqrt,200.0
0.3462212085723877,0.0017469872103916609,0.014471626281738282,0.00022280343653894607,,,"{'model__max_depth': None, 'model__max_features': 'sqrt', 'model__min_samples_leaf': 1, 'model__min_samples_split': 5, 'model__n_estimators': 300}",0.674508806020789,0.6930743191141544,0.6973978669704847,0.6602428237233228,0.7263778316218606,0.6903203294901223,0.02241642292244087,13,0.9926451457573675,0.9914976066204821,0.9940950036252728,0.9941414933597583,0.9906316937353782,0.9926021886196518,0.0013930364332235196,Random Forest,,,1.0,5.0,sqrt,300.0
0.1156233310699463,0.001200707017074329,0.005556631088256836,5.597881398502967e-05,,,"{'model__max_depth': None, 'model__max_features': 'sqrt', 'model__min_samples_leaf': 2, 'model__min_samples_split': 2, 'model__n_estimators': 100}",0.6720748126214491,0.681294531322291,0.7089286496783851,0.6456823180571026,0.7243779085419791,0.6864716440442413,0.027709357104998195,41,0.9713707379636038,0.9702231988267185,0.9719728382041857,0.9765415915945885,0.9680223927387926,0.9716261518655779,0.002803652349395976,Random Forest,,,2.0,2.0,sqrt,100.0
0.22766761779785155,0.0009836869899168326,0.010037612915039063,7.934854002612785e-05,,,"{'model__max_depth': None, 'model__max_features': 'sqrt', 'model__min_samples_leaf': 2, 'model__min_samples_split': 2, 'model__n_estimators': 200}",0.681975802720459,0.6953621880879677,0.7056283196453818,0.6506531855142188,0.7347236644744433,0.693668632088494,0.02763500984333958,1,0.9722425250689212,0.9781926387233854,0.9741996712198814,0.9808388179850255,0.9760358679556171,0.9763019041905661,0.0030042363903840033,Random Forest,,,2.0,2.0,sqrt,200.0
0.3396748542785645,0.0013075586949274627,0.014347553253173828,6.638011698656068e-05,,,"{'model__max_depth': None, 'model__max_features': 'sqrt', 'model__min_samples_leaf': 2, 'model__min_samples_split': 2, 'model__n_estimators': 300}",0.6778091360537922,0.6878951913882977,0.6993390114692811,0.6498382892097735,0.7382750663436021,0.6906313388929493,0.02891960102891613,11,0.9714600524554626,0.9772053042252488,0.9775767882819592,0.9808388179850255,0.9741755887599958,0.9762513103415383,0.003193023479234573,Random Forest,,,2.0,2.0,sqrt,300.0
0.11477904319763184,0.0004483334282907148,0.005533981323242188,4.2845457180493435e-05,,,"{'model__max_depth': None, 'model__max_features': 'sqrt', 'model__min_samples_leaf': 2, 'model__min_samples_split': 5, 'model__n_estimators': 100}",0.6692907374849635,0.69082539095031,0.6930497032931805,0.6543013840168084,0.7351598015460944,0.6885254034582713,0.027356104248622868,23,0.9535018464199262,0.9607334709490639,0.9651477325010998,0.9661777917359275,0.9608766099250113,0.9612874903062059,0.004470090127424273,Random Forest,,,2.0,5.0,sqrt,100.0
0.2283912181854248,0.0023331764034932867,0.010220670700073242,0.0002851318191758303,,,"{'model__max_depth': None, 'model__max_features': 'sqrt', 'model__min_samples_leaf': 2, 'model__min_samples_split': 5, 'model__n_estimators': 200}",0.6707122698251133,0.6771278646556245,0.7057839955903348,0.6544570599617614,0.7316083996769355,0.6879379179419539,0.02742313446193091,29,0.9625032780606592,0.9670933083728843,0.964846686204146,0.9686126915796057,0.9623746448654139,0.9650861218165419,0.0024716800238704824,Random Forest,,,2.0,5.0,sqrt,200.0
0.3423466205596924,0.004906435516285369,0.014433574676513673,0.00021187487409292524,,,"{'model__max_depth': None, 'model__max_features': 'sqrt', 'model__min_samples_leaf': 2, 'model__min_samples_split': 5, 'model__n_estimators': 300}",0.6778091360537922,0.6897739890811511,0.7024836655573314,0.6536421636573161,0.7253778700819199,0.6898173648863022,0.023990953826676018,17,0.9617208054472006,0.9643623996641132,0.9674210552512807,0.9680401182826861,0.9622071405810863,0.9647503038452735,0.002598145557558214,Random Forest,,,2.0,5.0,sqrt,300.0
0.1258993625640869,0.004505467417820845,0.006194877624511719,0.00038582595570343475,,,"{'model__max_depth': None, 'model__max_features': 'log2', 'model__min_samples_leaf': 1, 'model__min_samples_split': 2, 'model__n_estimators': 100}",0.6767577341846334,0.67085839425064,0.6902936624899388,0.661057720027768,0.7416083996769355,0.6881151821259832,0.02837310242945268,27,1.0,1.0,1.0,1.0,1.0,1.0,0.0,Random Forest,,,1.0,2.0,log2,100.0
0.258089017868042,0.0227180433451662,0.010818815231323243,0.00032764940211308464,,,"{'model__max_depth': None, 'model__max_features': 'log2', 'model__min_samples_leaf': 1, 'model__min_samples_split': 2, 'model__n_estimators': 200}",0.67589139755097,0.6847409857808211,0.6912642347393371,0.6642023741158183,0.7374931733394869,0.6907184331052867,0.025087233676032685,9,1.0,1.0,1.0,1.0,1.0,1.0,0.0,Random Forest,,,1.0,2.0,log2,200.0
0.3672903537750244,0.002209567643965368,0.015377140045166016,0.00033651687791421027,,,"{'model__max_depth': None, 'model__max_features': 'log2', 'model__min_samples_leaf': 1, 'model__min_samples_split': 2, 'model__n_estimators': 300}",0.6692907374849635,0.6677431294531323,0.6944088888273873,0.6592722514739245,0.7279293104111381,0.6837288635301092,0.025019478394943433,61,1.0,1.0,1.0,1.0,1.0,1.0,0.0,Random Forest,,,1.0,2.0,log2,300.0
0.11703968048095703,0.0006792928836154205,0.005632209777832031,8.300725589593633e-05,,,"{'model__max_depth': None, 'model__max_features': 'log2', 'model__min_samples_leaf': 1, 'model__min_samples_split': 5, 'model__n_estimators': 100}",0.676942799420129,0.6897739890811511,0.7186739638324419,0.6440525254482122,0.7263778316218606,0.691164221880759,0.029733744325395838,7,0.9867396893488326,0.9885279208053968,0.9882829867195168,0.9909259533911777,0.9815161115446687,0.9871985323619186,0.0031412553437026825,Random Forest,,,1.0,5.0,log2,100.0
0.2382976531982422,0.00670460644190512,0.010390806198120116,0.0004386163576862642,,,"{'model__max_depth': None, 'model__max_features': 'log2', 'model__min_samples_leaf': 1, 'model__min_samples_split': 5, 'model__n_estimators': 200}",0.6778091360537922,0.6901441195521422,0.6950681091868796,0.6495269373198677,0.7253778700819199,0.6875852344389203,0.024636682794559144,33,0.9935169328626848,0.992529598364548,0.9916601037815945,0.9940950036252728,0.9874165834919596,0.9918436444252119,0.0023652315288004455,Random Forest,,,1.0,5.0,log2,200.0
0.3672195911407471,0.009305418552875918,0.016399383544921875,0.0015460515159767408,,,"{'model__max_depth': None, 'model__max_features': 'log2', 'model__min_samples_leaf': 1, 'model__min_samples_split': 5, 'model__n_estimators': 300}",0.674508806020789,0.6930743191141544,0.6973978669704847,0.6602428237233228,0.7263778316218606,0.6903203294901223,0.02241642292244087,13,0.9926451457573675,0.9914976066204821,0.9940950036252728,0.9941414933597583,0.9906316937353782,0.9926021886196518,0.0013930364332235196,Random Forest,,,1.0,5.0,log2,300.0
0.13772406578063964,0.02379110044519289,0.005969715118408203,0.00018296990492361028,,,"{'model__max_depth': None, 'model__max_features': 'log2', 'model__min_samples_leaf': 2, 'model__min_samples_split': 2, 'model__n_estimators': 100}",0.6720748126214491,0.681294531322291,0.7089286496783851,0.6456823180571026,0.7243779085419791,0.6864716440442413,0.027709357104998195,41,0.9713707379636038,0.9702231988267185,0.9719728382041857,0.9765415915945885,0.9680223927387926,0.9716261518655779,0.002803652349395976,Random Forest,,,2.0,2.0,log2,100.0
0.24435763359069823,0.0024693793889132938,0.010765743255615235,0.0004626332103559974,,,"{'model__max_depth': None, 'model__max_features': 'log2', 'model__min_samples_leaf': 2, 'model__min_samples_split': 2, 'model__n_estimators': 200}",0.681975802720459,0.6953621880879677,0.7056283196453818,0.6506531855142188,0.7347236644744433,0.693668632088494,0.02763500984333958,1,0.9722425250689212,0.9781926387233854,0.9741996712198814,0.9808388179850255,0.9760358679556171,0.9763019041905661,0.0030042363903840033,Random Forest,,,2.0,2.0,log2,200.0
0.3755066394805908,0.029797231433152126,0.014809417724609374,0.00012543241099817172,,,"{'model__max_depth': None, 'model__max_features': 'log2', 'model__min_samples_leaf': 2, 'model__min_samples_split': 2, 'model__n_estimators': 300}",0.6778091360537922,0.6878951913882977,0.6993390114692811,0.6498382892097735,0.7382750663436021,0.6906313388929493,0.02891960102891613,11,0.9714600524554626,0.9772053042252488,0.9775767882819592,0.9808388179850255,0.9741755887599958,0.9762513103415383,0.003193023479234573,Random Forest,,,2.0,2.0,log2,300.0
0.12159876823425293,0.010828750240849843,0.005766582489013672,0.00011224916857107956,,,"{'model__max_depth': None, 'model__max_features': 'log2', 'model__min_samples_leaf': 2, 'model__min_samples_split': 5, 'model__n_estimators': 100}",0.6692907374849635,0.69082539095031,0.6930497032931805,0.6543013840168084,0.7351598015460944,0.6885254034582713,0.027356104248622868,23,0.9535018464199262,0.9607334709490639,0.9651477325010998,0.9661777917359275,0.9608766099250113,0.9612874903062059,0.004470090127424273,Random Forest,,,2.0,5.0,log2,100.0
0.2554954528808594,0.044308085483504435,0.010765361785888671,0.0007539624145102749,,,"{'model__max_depth': None, 'model__max_features': 'log2', 'model__min_samples_leaf': 2, 'model__min_samples_split': 5, 'model__n_estimators': 200}",0.6707122698251133,0.6771278646556245,0.7057839955903348,0.6544570599617614,0.7316083996769355,0.6879379179419539,0.02742313446193091,29,0.9625032780606592,0.9670933083728843,0.964846686204146,0.9686126915796057,0.9623746448654139,0.9650861218165419,0.0024716800238704824,Random Forest,,,2.0,5.0,log2,200.0
0.37319045066833495,0.01749120713178266,0.017781496047973633,0.0051777000281500694,,,"{'model__max_depth': None, 'model__max_features': 'log2', 'model__min_samples_leaf': 2, 'model__min_samples_split': 5, 'model__n_estimators': 300}",0.6778091360537922,0.6897739890811511,0.7024836655573314,0.6536421636573161,0.7253778700819199,0.6898173648863022,0.023990953826676018,17,0.9617208054472006,0.9643623996641132,0.9674210552512807,0.9680401182826861,0.9622071405810863,0.9647503038452735,0.002598145557558214,Random Forest,,,2.0,5.0,log2,300.0
0.09734067916870118,0.002155438555042297,0.005309391021728516,0.0004698542806399768,,,"{'model__max_depth': 5, 'model__max_features': 'sqrt', 'model__min_samples_leaf': 1, 'model__min_samples_split': 2, 'model__n_estimators': 100}",0.6557782764257735,0.6905142500231332,0.7003095837186794,0.664472981190502,0.7093654090227299,0.6840881000761636,0.020637699902364758,59,0.7782094544697528,0.7854179058015479,0.7741870212957515,0.7941288434356285,0.7765059770783308,0.7816898404162023,0.0072650545466759016,Random Forest,,5,1.0,2.0,sqrt,100.0
0.18614764213562013,0.007571440700538523,0.008571434020996093,0.0004031813515321639,,,"{'model__max_depth': 5, 'model__max_features': 'sqrt', 'model__min_samples_leaf': 1, 'model__min_samples_split': 2, 'model__n_estimators': 200}",0.6634303383609389,0.6896479133894697,0.6984833703496136,0.6585722862992099,0.7199292334910196,0.6860126283780503,0.02272444939110895,49,0.7843197727629656,0.784884952318697,0.7760028581080244,0.7958981905134159,0.7743929738087972,0.78309974950238,0.007676578777116339,Random Forest,,5,1.0,2.0,sqrt,200.0
0.2866021156311035,0.007030661746557043,0.012746381759643554,0.0009261867921877067,,,"{'model__max_depth': 5, 'model__max_features': 'sqrt', 'model__min_samples_leaf': 1, 'model__min_samples_split': 2, 'model__n_estimators': 300}",0.6599449430924401,0.6958784429844854,0.7019393763275699,0.6513124058737111,0.7232625668243529,0.6864675470205118,0.02691151580826831,43,0.7904670659814325,0.7828209688305648,0.7758412810145273,0.7954820568574507,0.7726179144027604,0.7834458574173471,0.00859804494756437,Random Forest,,5,1.0,2.0,sqrt,300.0
0.11178050041198731,0.03079373385493964,0.005456304550170899,0.00046235697176024815,,,"{'model__max_depth': 5, 'model__max_features': 'sqrt', 'model__min_samples_leaf': 1, 'model__min_samples_split': 5, 'model__n_estimators': 100}",0.6580272045896178,0.6971149100891397,0.7034542378067297,0.6701030690071104,0.7129168108918887,0.6883232464768972,0.02078898111690396,25,0.7791258988209995,0.7801793746136524,0.7728802976084147,0.7914858767639675,0.7725326946131759,0.779240828484042,0.00687445558705314,Random Forest,,5,1.0,5.0,sqrt,100.0
0.17908596992492676,0.002872479045033544,0.0083160400390625,0.00013743825058459673,,,"{'model__max_depth': 5, 'model__max_features': 'sqrt', 'model__min_samples_leaf': 1, 'model__min_samples_split': 5, 'model__n_estimators': 200}",0.66741193979211,0.6927631781869775,0.6933975717627668,0.6546127359067143,0.7191473404869043,0.6854665532270946,0.02248761583976856,51,0.781234539555061,0.7846800904340188,0.7762574146704927,0.7981250235291114,0.775218056317048,0.7831030249011464,0.008254379746102578,Random Forest,,5,1.0,5.0,sqrt,200.0
0.26178898811340334,0.0010177561926574073,0.011491775512695312,0.0001447893083944259,,,"{'model__max_depth': 5, 'model__max_features': 'sqrt', 'model__min_samples_leaf': 1, 'model__min_samples_split': 5, 'model__n_estimators': 300}",0.6599449430924401,0.6958784429844854,0.6966979017957701,0.6513124058737111,0.7193654090227298,0.6846398205538272,0.025290804629276287,57,0.7864653884222811,0.7818336343324281,0.7762109249360072,0.7967887805447873,0.7723651903288483,0.7827327837128705,0.00851273738518567,Random Forest,,5,1.0,5.0,sqrt,300.0
0.08928537368774414,0.00034987849717973914,0.004618978500366211,7.579500247974345e-05,,,"{'model__max_depth': 5, 'model__max_features': 'sqrt', 'model__min_samples_leaf': 2, 'model__min_samples_split': 2, 'model__n_estimators': 100}",0.6654942012892878,0.6929482434224731,0.7003095837186794,0.6659878426696618,0.7068139686935117,0.6863107679587228,0.01735946372323711,45,0.7758173793834477,0.7822772733234205,0.772417674217964,0.7949559732950164,0.7705049111332268,0.7791946422706151,0.008840438877162857,Random Forest,,5,2.0,2.0,sqrt,100.0
0.17595357894897462,0.0012707565371204408,0.008074140548706055,9.484704614199549e-05,,,"{'model__max_depth': 5, 'model__max_features': 'sqrt', 'model__min_samples_leaf': 2, 'model__min_samples_split': 2, 'model__n_estimators': 200}",0.6590786064587767,0.6927631781869775,0.694523819957118,0.6481677517856608,0.7232625668243529,0.6835591846425773,0.026956066142140144,65,0.7789919270832112,0.7876497762491041,0.7778186949202975,0.7965172535448213,0.7720029460736294,0.7825961195742127,0.008571659483026555,Random Forest,,5,2.0,2.0,sqrt,200.0
0.26198248863220214,0.0011296597383908483,0.01149606704711914,4.476406443022863e-05,,,"{'model__max_depth': 5, 'model__max_features': 'sqrt', 'model__min_samples_leaf': 2, 'model__min_samples_split': 2, 'model__n_estimators': 300}",0.6557782764257735,0.6925781129514821,0.6935532477077198,0.6513124058737111,0.7201473020268451,0.6826738689971064,0.02579778045287721,67,0.7857614882763878,0.7823219305693497,0.7770380547953951,0.7936662200451776,0.7723651903288483,0.7822305768030318,0.007314885546469289,Random Forest,,5,2.0,2.0,sqrt,300.0
0.08903779983520507,0.00037566669433678396,0.004617023468017578,6.896611722220027e-05,,,"{'model__max_depth': 5, 'model__max_features': 'sqrt', 'model__min_samples_leaf': 2, 'model__min_samples_split': 5, 'model__n_estimators': 100}",0.6621938712562846,0.6896479133894697,0.697009253685676,0.6750331916490042,0.713262566824353,0.6874293593609575,0.01763261636241765,35,0.7766891664887651,0.7792259553371516,0.7724641639524493,0.7914858767639675,0.7731476629423067,0.7786025650969279,0.006891521679026069,Random Forest,,5,2.0,5.0,sqrt,100.0
0.17524662017822265,0.0003501250859167367,0.008066606521606446,6.784379029564499e-05,,,"{'model__max_depth': 5, 'model__max_features': 'sqrt', 'model__min_samples_leaf': 2, 'model__min_samples_split': 5, 'model__n_estimators': 200}",0.6590786064587767,0.6991787730174887,0.6935532477077198,0.6483234277306137,0.7232625668243529,0.6846793243477903,0.027403631521387944,55,0.78197235492259,0.7823665878152791,0.7767834982329269,0.7940823537011429,0.7736105011953387,0.7817630591734556,0.006977582646432924,Random Forest,,5,2.0,5.0,sqrt,200.0
0.27796425819396975,0.020389046655150848,0.011514759063720703,4.312796374762368e-05,,,"{'model__max_depth': 5, 'model__max_features': 'sqrt', 'model__min_samples_leaf': 2, 'model__min_samples_split': 5, 'model__n_estimators': 300}",0.6599449430924401,0.6925781129514821,0.6935532477077198,0.6481677517856608,0.7126987423560632,0.6813885595786732,0.02373589705885328,71,0.7862605265376029,0.7834432368052746,0.7754302848111047,0.7917109140294482,0.7707150253123466,0.7815119974991553,0.007534692419748511,Random Forest,,5,2.0,5.0,sqrt,300.0
0.08932466506958008,0.0004451279698937797,0.004628276824951172,5.7805684640303895e-05,,,"{'model__max_depth': 5, 'model__max_features': 'log2', 'model__min_samples_leaf': 1, 'model__min_samples_split': 2, 'model__n_estimators': 100}",0.6557782764257735,0.6905142500231332,0.7003095837186794,0.664472981190502,0.7093654090227299,0.6840881000761636,0.020637699902364758,59,0.7782094544697528,0.7854179058015479,0.7741870212957515,0.7941288434356285,0.7765059770783308,0.7816898404162023,0.0072650545466759016,Random Forest,,5,1.0,2.0,log2,100.0
0.17564854621887208,0.0004557545749882556,0.008034086227416993,4.158162193317495e-05,,,"{'model__max_depth': 5, 'model__max_features': 'log2', 'model__min_samples_leaf': 1, 'model__min_samples_split': 2, 'model__n_estimators': 200}",0.6634303383609389,0.6896479133894697,0.6984833703496136,0.6585722862992099,0.7199292334910196,0.6860126283780503,0.02272444939110895,49,0.7843197727629656,0.784884952318697,0.7760028581080244,0.7958981905134159,0.7743929738087972,0.78309974950238,0.007676578777116339,Random Forest,,5,1.0,2.0,log2,200.0
0.2616868495941162,0.0009442877938955247,0.01145777702331543,9.48042452722899e-05,,,"{'model__max_depth': 5, 'model__max_features': 'log2', 'model__min_samples_leaf': 1, 'model__min_samples_split': 2, 'model__n_estimators': 300}",0.6599449430924401,0.6958784429844854,0.7019393763275699,0.6513124058737111,0.7232625668243529,0.6864675470205118,0.02691151580826831,43,0.7904670659814325,0.7828209688305648,0.7758412810145273,0.7954820568574507,0.7726179144027604,0.7834458574173471,0.00859804494756437,Random Forest,,5,1.0,2.0,log2,300.0
0.08924822807312012,0.000626867172349584,0.00458526611328125,6.0421496238107365e-05,,,"{'model__max_depth': 5, 'model__max_features': 'log2', 'model__min_samples_leaf': 1, 'model__min_samples_split': 5, 'model__n_estimators': 100}",0.6580272045896178,0.6971149100891397,0.7034542378067297,0.6701030690071104,0.7129168108918887,0.6883232464768972,0.02078898111690396,25,0.7791258988209995,0.7801793746136524,0.7728802976084147,0.7914858767639675,0.7725326946131759,0.779240828484042,0.00687445558705314,Random Forest,,5,1.0,5.0,log2,100.0
0.17486219406127929,0.00031893770813691487,0.007982301712036132,2.5617918228826056e-05,,,"{'model__max_depth': 5, 'model__max_features': 'log2', 'model__min_samples_leaf': 1, 'model__min_samples_split': 5, 'model__n_estimators': 200}",0.66741193979211,0.6927631781869775,0.6933975717627668,0.6546127359067143,0.7191473404869043,0.6854665532270946,0.02248761583976856,51,0.781234539555061,0.7846800904340188,0.7762574146704927,0.7981250235291114,0.775218056317048,0.7831030249011464,0.008254379746102578,Random Forest,,5,1.0,5.0,log2,200.0
0.26067538261413575,0.00038433611537131405,0.011423969268798828,5.929151299455451e-05,,,"{'model__max_depth': 5, 'model__max_features': 'log2', 'model__min_samples_leaf': 1, 'model__min_samples_split': 5, 'model__n_estimators': 300}",0.6599449430924401,0.6958784429844854,0.6966979017957701,0.6513124058737111,0.7193654090227298,0.6846398205538272,0.025290804629276287,57,0.7864653884222811,0.7818336343324281,0.7762109249360072,0.7967887805447873,0.7723651903288483,0.7827327837128705,0.00851273738518567,Random Forest,,5,1.0,5.0,log2,300.0
0.08870096206665039,0.00011622365547734363,0.0046370506286621095,5.1281259251195767e-05,,,"{'model__max_depth': 5, 'model__max_features': 'log2', 'model__min_samples_leaf': 2, 'model__min_samples_split': 2, 'model__n_estimators': 100}",0.6654942012892878,0.6929482434224731,0.7003095837186794,0.6659878426696618,0.7068139686935117,0.6863107679587228,0.01735946372323711,45,0.7758173793834477,0.7822772733234205,0.772417674217964,0.7949559732950164,0.7705049111332268,0.7791946422706151,0.008840438877162857,Random Forest,,5,2.0,2.0,log2,100.0
0.175079345703125,0.0007169913532715425,0.008187341690063476,0.0002805439477649372,,,"{'model__max_depth': 5, 'model__max_features': 'log2', 'model__min_samples_leaf': 2, 'model__min_samples_split': 2, 'model__n_estimators': 200}",0.6590786064587767,0.6927631781869775,0.694523819957118,0.6481677517856608,0.7232625668243529,0.6835591846425773,0.026956066142140144,65,0.7789919270832112,0.7876497762491041,0.7778186949202975,0.7965172535448213,0.7720029460736294,0.7825961195742127,0.008571659483026555,Random Forest,,5,2.0,2.0,log2,200.0
0.2607863426208496,0.0010486740139678842,0.011441421508789063,7.415935456656965e-05,,,"{'model__max_depth': 5, 'model__max_features': 'log2', 'model__min_samples_leaf': 2, 'model__min_samples_split': 2, 'model__n_estimators': 300}",0.6557782764257735,0.6925781129514821,0.6935532477077198,0.6513124058737111,0.7201473020268451,0.6826738689971064,0.02579778045287721,67,0.7857614882763878,0.7823219305693497,0.7770380547953951,0.7936662200451776,0.7723651903288483,0.7822305768030318,0.007314885546469289,Random Forest,,5,2.0,2.0,log2,300.0
0.08887405395507812,0.0003734858630241891,0.004566764831542969,3.457401522763427e-05,,,"{'model__max_depth': 5, 'model__max_features': 'log2', 'model__min_samples_leaf': 2, 'model__min_samples_split': 5, 'model__n_estimators': 100}",0.6621938712562846,0.6896479133894697,0.697009253685676,0.6750331916490042,0.713262566824353,0.6874293593609575,0.01763261636241765,35,0.7766891664887651,0.7792259553371516,0.7724641639524493,0.7914858767639675,0.7731476629423067,0.7786025650969279,0.006891521679026069,Random Forest,,5,2.0,5.0,log2,100.0
0.17510666847229003,0.00024348883497382187,0.008061885833740234,6.91520748429455e-05,,,"{'model__max_depth': 5, 'model__max_features': 'log2', 'model__min_samples_leaf': 2, 'model__min_samples_split': 5, 'model__n_estimators': 200}",0.6590786064587767,0.6991787730174887,0.6935532477077198,0.6483234277306137,0.7232625668243529,0.6846793243477903,0.027403631521387944,55,0.78197235492259,0.7823665878152791,0.7767834982329269,0.7940823537011429,0.7736105011953387,0.7817630591734556,0.006977582646432924,Random Forest,,5,2.0,5.0,log2,200.0
0.2610879898071289,0.0006598409397965527,0.011464214324951172,8.834167337179412e-05,,,"{'model__max_depth': 5, 'model__max_features': 'log2', 'model__min_samples_leaf': 2, 'model__min_samples_split': 5, 'model__n_estimators': 300}",0.6599449430924401,0.6925781129514821,0.6935532477077198,0.6481677517856608,0.7126987423560632,0.6813885595786732,0.02373589705885328,71,0.7862605265376029,0.7834432368052746,0.7754302848111047,0.7917109140294482,0.7707150253123466,0.7815119974991553,0.007534692419748511,Random Forest,,5,2.0,5.0,log2,300.0
0.11533775329589843,0.001489184718678486,0.0056722164154052734,9.568851778224945e-05,,,"{'model__max_depth': 10, 'model__max_features': 'sqrt', 'model__min_samples_leaf': 1, 'model__min_samples_split': 2, 'model__n_estimators': 100}",0.6703421393541223,0.66237893649178,0.688467449120873,0.6478563998957548,0.7381473789469636,0.6814384607618987,0.031239259611188893,69,0.9760284724837849,0.9778090216196734,0.9827668786581715,0.9812446767359052,0.9749273129569976,0.9785552724909066,0.003002473004696214,Random Forest,,10,1.0,2.0,sqrt,100.0
0.226920223236084,0.0007385038113347725,0.009878778457641601,6.0964819494120425e-05,,,"{'model__max_depth': 10, 'model__max_features': 'sqrt', 'model__min_samples_leaf': 1, 'model__min_samples_split': 2, 'model__n_estimators': 200}",0.6736424693871257,0.683728524721631,0.7057839955903348,0.6534864877123631,0.7451598015460944,0.6923602557915098,0.03131779358732405,3,0.9787147239466267,0.9804952730825153,0.9893595356888301,0.9828989364546811,0.9823684297394836,0.9827673797824273,0.003611633313843852,Random Forest,,10,1.0,2.0,sqrt,200.0
0.3392018795013428,0.0008399680888201185,0.01422429084777832,4.401855276348979e-05,,,"{'model__max_depth': 10, 'model__max_features': 'sqrt', 'model__min_samples_leaf': 1, 'model__min_samples_split': 2, 'model__n_estimators': 300}",0.6672268745566146,0.6868437895191389,0.7056283196453818,0.6437411735583062,0.7322626052844122,0.6871405525127707,0.030521945912820047,37,0.9742586653721895,0.9804952730825153,0.9906662593761667,0.98636903298573,0.9842713188298973,0.9832121099292997,0.0055533377809178,Random Forest,,10,1.0,2.0,sqrt,300.0
0.11322212219238281,0.00039834255283216973,0.0054242610931396484,4.695381381562808e-05,,,"{'model__max_depth': 10, 'model__max_features': 'sqrt', 'model__min_samples_leaf': 1, 'model__min_samples_split': 5, 'model__n_estimators': 100}",0.6659904074519601,0.6868437895191389,0.6944088888273873,0.6448674217526574,0.7322626052844122,0.6848746225671112,0.029317538966104735,53,0.9435761618719548,0.9532891759792563,0.9447648053170781,0.9471458040193239,0.9429526409906321,0.946345717635649,0.003755913843445617,Random Forest,,10,1.0,5.0,sqrt,100.0
0.2335803985595703,0.018561390773385446,0.00991520881652832,0.00021563410373771295,,,"{'model__max_depth': 10, 'model__max_features': 'sqrt', 'model__min_samples_leaf': 1, 'model__min_samples_split': 5, 'model__n_estimators': 200}",0.6661754726874557,0.6839135899571266,0.7059396715352877,0.6462266072868643,0.7320445367485866,0.6868599756430642,0.02997759107313301,39,0.9472944050788628,0.9538667867080367,0.9500677090978978,0.9513965406752751,0.9432905848541289,0.9491832052828404,0.0036306384356505047,Random Forest,,10,1.0,5.0,sqrt,200.0
0.33332157135009766,0.0013951041184442033,0.014021873474121094,7.698993323717527e-05,,,"{'model__max_depth': 10, 'model__max_features': 'sqrt', 'model__min_samples_leaf': 1, 'model__min_samples_split': 5, 'model__n_estimators': 300}",0.6753751426544524,0.6795618580549644,0.7156849856893447,0.6493712613749146,0.7289292719510788,0.6897845039449509,0.028804548854866715,19,0.9462624133347967,0.9504427198776657,0.9504373530193777,0.9539760471749528,0.9474982818901259,0.9497233630593837,0.0026848365792986164,Random Forest,,10,1.0,5.0,sqrt,300.0
0.11229124069213867,0.0006633788569965384,0.005471420288085937,3.4205347778896456e-05,,,"{'model__max_depth': 10, 'model__max_features': 'sqrt', 'model__min_samples_leaf': 2, 'model__min_samples_split': 2, 'model__n_estimators': 100}",0.674508806020789,0.681294531322291,0.7095513534581971,0.6551162803212537,0.7238140840736894,0.688857011039244,0.024705269718800115,21,0.9301556465820388,0.9420112166450377,0.9294551967395873,0.9432182215503669,0.933751839010338,0.9357184241054737,0.005828999355101199,Random Forest,,10,2.0,2.0,sqrt,100.0
0.22143282890319824,0.00031489531670482847,0.009764623641967774,4.671821639247529e-05,,,"{'model__max_depth': 10, 'model__max_features': 'sqrt', 'model__min_samples_leaf': 2, 'model__min_samples_split': 2, 'model__n_estimators': 200}",0.6852761327534623,0.6845948613552943,0.7123846556563413,0.6534864877123631,0.7224806738202377,0.6916445622595397,0.024196326500743676,5,0.9317652490548852,0.9444032917313429,0.9392464233013288,0.9470358541128551,0.9403921736762951,0.9405685983753415,0.0052116888197150674,Random Forest,,10,2.0,2.0,sqrt,200.0
0.3307814121246338,0.0011308987093183996,0.014166259765625,0.0001799474140764121,,,"{'model__max_depth': 10, 'model__max_features': 'sqrt', 'model__min_samples_leaf': 2, 'model__min_samples_split': 2, 'model__n_estimators': 300}",0.6842247308843034,0.6878951913882977,0.7059396715352877,0.6526715914079179,0.7188015845544403,0.6899065539540494,0.02242656808943341,15,0.9288741357073652,0.9387920116993449,0.9386273602699234,0.9452200173005819,0.9386171142702583,0.9380261278494947,0.005230837964388243,Random Forest,,10,2.0,2.0,sqrt,300.0
0.11146812438964844,0.00044400467111845303,0.005438852310180664,6.257066565333469e-05,,,"{'model__max_depth': 10, 'model__max_features': 'sqrt', 'model__min_samples_leaf': 2, 'model__min_samples_split': 5, 'model__n_estimators': 100}",0.6626900774189569,0.6951771228524722,0.6919234550988292,0.6448674217526574,0.7234806353601785,0.6836277424966188,0.02731742442784867,63,0.9261432269985939,0.9367989183581026,0.9295237943641134,0.935844924394806,0.9251417049674524,0.9306905138166137,0.004831332855057153,Random Forest,,10,2.0,5.0,sqrt,100.0
0.2198040008544922,0.0006469136112188641,0.009770011901855469,0.00010347933248292454,,,"{'model__max_depth': 10, 'model__max_features': 'sqrt', 'model__min_samples_leaf': 2, 'model__min_samples_split': 5, 'model__n_estimators': 200}",0.6680932111902779,0.6877101261528021,0.7059396715352877,0.6504975095692658,0.7258140071535709,0.6876109051202409,0.026659988873765608,31,0.9278421439632991,0.9333039613808417,0.9325142970672137,0.938852397535404,0.9264965360152497,0.9318018671924015,0.00438861637296815,Random Forest,,10,2.0,5.0,sqrt,200.0
0.32863688468933105,0.0008985157472264197,0.014001417160034179,6.294817609958025e-05,,,"{'model__max_depth': 10, 'model__max_features': 'sqrt', 'model__min_samples_leaf': 2, 'model__min_samples_split': 5, 'model__n_estimators': 300}",0.6680932111902779,0.6804281946886278,0.7059396715352877,0.6503418336243129,0.7255959386177455,0.6860797699312503,0.026790296634885493,47,0.9262325414904526,0.9345408150095859,0.9312540631143625,0.9381868447695133,0.9258235835830981,0.9312075695934026,0.0047657355910744595,Random Forest,,10,2.0,5.0,sqrt,300.0
0.11544137001037598,0.0004639704792800502,0.00561213493347168,0.0001477682886255034,,,"{'model__max_depth': 10, 'model__max_features': 'log2', 'model__min_samples_leaf': 1, 'model__min_samples_split': 2, 'model__n_estimators': 100}",0.6703421393541223,0.66237893649178,0.688467449120873,0.6478563998957548,0.7381473789469636,0.6814384607618987,0.031239259611188893,69,0.9760284724837849,0.9778090216196734,0.9827668786581715,0.9812446767359052,0.9749273129569976,0.9785552724909066,0.003002473004696214,Random Forest,,10,1.0,2.0,log2,100.0
0.2267509937286377,0.0005667377749474066,0.00996260643005371,0.0001700718053775771,,,"{'model__max_depth': 10, 'model__max_features': 'log2', 'model__min_samples_leaf': 1, 'model__min_samples_split': 2, 'model__n_estimators': 200}",0.6736424693871257,0.683728524721631,0.7057839955903348,0.6534864877123631,0.7451598015460944,0.6923602557915098,0.03131779358732405,3,0.9787147239466267,0.9804952730825153,0.9893595356888301,0.9828989364546811,0.9823684297394836,0.9827673797824273,0.003611633313843852,Random Forest,,10,1.0,2.0,log2,200.0
0.33949689865112304,0.0014086487182958037,0.014239835739135741,0.00010361611102332667,,,"{'model__max_depth': 10, 'model__max_features': 'log2', 'model__min_samples_leaf': 1, 'model__min_samples_split': 2, 'model__n_estimators': 300}",0.6672268745566146,0.6868437895191389,0.7056283196453818,0.6437411735583062,0.7322626052844122,0.6871405525127707,0.030521945912820047,37,0.9742586653721895,0.9804952730825153,0.9906662593761667,0.98636903298573,0.9842713188298973,0.9832121099292997,0.0055533377809178,Random Forest,,10,1.0,2.0,log2,300.0
0.11294999122619628,0.0002622512729084052,0.005463838577270508,6.650570771690965e-05,,,"{'model__max_depth': 10, 'model__max_features': 'log2', 'model__min_samples_leaf': 1, 'model__min_samples_split': 5, 'model__n_estimators': 100}",0.6659904074519601,0.6868437895191389,0.6944088888273873,0.6448674217526574,0.7322626052844122,0.6848746225671112,0.029317538966104735,53,0.9435761618719548,0.9532891759792563,0.9447648053170781,0.9471458040193239,0.9429526409906321,0.946345717635649,0.003755913843445617,Random Forest,,10,1.0,5.0,log2,100.0
0.2234973907470703,0.0008091616779167582,0.009751462936401367,6.777625889670069e-05,,,"{'model__max_depth': 10, 'model__max_features': 'log2', 'model__min_samples_leaf': 1, 'model__min_samples_split': 5, 'model__n_estimators': 200}",0.6661754726874557,0.6839135899571266,0.7059396715352877,0.6462266072868643,0.7320445367485866,0.6868599756430642,0.02997759107313301,39,0.9472944050788628,0.9538667867080367,0.9500677090978978,0.9513965406752751,0.9432905848541289,0.9491832052828404,0.0036306384356505047,Random Forest,,10,1.0,5.0,log2,200.0
0.33423538208007814,0.0015352018382195588,0.014049386978149414,4.572532709113433e-05,,,"{'model__max_depth': 10, 'model__max_features': 'log2', 'model__min_samples_leaf': 1, 'model__min_samples_split': 5, 'model__n_estimators': 300}",0.6753751426544524,0.6795618580549644,0.7156849856893447,0.6493712613749146,0.7289292719510788,0.6897845039449509,0.028804548854866715,19,0.9462624133347967,0.9504427198776657,0.9504373530193777,0.9539760471749528,0.9474982818901259,0.9497233630593837,0.0026848365792986164,Random Forest,,10,1.0,5.0,log2,300.0
0.11218719482421875,0.0005064578213106159,0.005457305908203125,4.868005302611101e-05,,,"{'model__max_depth': 10, 'model__max_features': 'log2', 'model__min_samples_leaf': 2, 'model__min_samples_split': 2, 'model__n_estimators': 100}",0.674508806020789,0.681294531322291,0.7095513534581971,0.6551162803212537,0.7238140840736894,0.688857011039244,0.024705269718800115,21,0.9301556465820388,0.9420112166450377,0.9294551967395873,0.9432182215503669,0.933751839010338,0.9357184241054737,0.005828999355101199,Random Forest,,10,2.0,2.0,log2,100.0
0.22136993408203126,0.00044850843801545574,0.009819221496582032,5.120849239954065e-05,,,"{'model__max_depth': 10, 'model__max_features': 'log2', 'model__min_samples_leaf': 2, 'model__min_samples_split': 2, 'model__n_estimators': 200}",0.6852761327534623,0.6845948613552943,0.7123846556563413,0.6534864877123631,0.7224806738202377,0.6916445622595397,0.024196326500743676,5,0.9317652490548852,0.9444032917313429,0.9392464233013288,0.9470358541128551,0.9403921736762951,0.9405685983753415,0.0052116888197150674,Random Forest,,10,2.0,2.0,log2,200.0
0.3379629135131836,0.015673714903473565,0.01403059959411621,8.12082659730127e-05,,,"{'model__max_depth': 10, 'model__max_features': 'log2', 'model__min_samples_leaf': 2, 'model__min_samples_split': 2, 'model__n_estimators': 300}",0.6842247308843034,0.6878951913882977,0.7059396715352877,0.6526715914079179,0.7188015845544403,0.6899065539540494,0.02242656808943341,15,0.9288741357073652,0.9387920116993449,0.9386273602699234,0.9452200173005819,0.9386171142702583,0.9380261278494947,0.005230837964388243,Random Forest,,10,2.0,2.0,log2,300.0
0.1116407871246338,0.0010145847837304406,0.005462646484375,9.388244327285825e-05,,,"{'model__max_depth': 10, 'model__max_features': 'log2', 'model__min_samples_leaf': 2, 'model__min_samples_split': 5, 'model__n_estimators': 100}",0.6626900774189569,0.6951771228524722,0.6919234550988292,0.6448674217526574,0.7234806353601785,0.6836277424966188,0.02731742442784867,63,0.9261432269985939,0.9367989183581026,0.9295237943641134,0.935844924394806,0.9251417049674524,0.9306905138166137,0.004831332855057153,Random Forest,,10,2.0,5.0,log2,100.0
0.21974630355834962,0.000509570181263246,0.009769582748413086,0.00018403651043983517,,,"{'model__max_depth': 10, 'model__max_features': 'log2', 'model__min_samples_leaf': 2, 'model__min_samples_split': 5, 'model__n_estimators': 200}",0.6680932111902779,0.6877101261528021,0.7059396715352877,0.6504975095692658,0.7258140071535709,0.6876109051202409,0.026659988873765608,31,0.9278421439632991,0.9333039613808417,0.9325142970672137,0.938852397535404,0.9264965360152497,0.9318018671924015,0.00438861637296815,Random Forest,,10,2.0,5.0,log2,200.0
0.3288677215576172,0.0010712577729223328,0.013988733291625977,5.9302326267296846e-05,,,"{'model__max_depth': 10, 'model__max_features': 'log2', 'model__min_samples_leaf': 2, 'model__min_samples_split': 5, 'model__n_estimators': 300}",0.6680932111902779,0.6804281946886278,0.7059396715352877,0.6503418336243129,0.7255959386177455,0.6860797699312503,0.026790296634885493,47,0.9262325414904526,0.9345408150095859,0.9312540631143625,0.9381868447695133,0.9258235835830981,0.9312075695934026,0.0047657355910744595,Random Forest,,10,2.0,5.0,log2,300.0
